STT,Tên Sản Phẩm,Phân Loại,Giá Bán,Ảnh Cục Bộ (Thumb),Ảnh Cục Bộ (Gốc),Link Web Gốc,File Markdown (.md)
1,Phật bản mệnh tuổi Sửu phật Hư Không Tạng đá mắt hổ đúng gốc phật giáo,Đá Mắt Hổ,"800,000 VND",downloaded_images/products/thumbnails/Phat-ban-menh-tuoi-Suu-phat-Hu-Khong-Tang-da-mat-ho-4-small.JPG,downloaded_images/products/original/Phat-ban-menh-tuoi-Suu-phat-Hu-Khong-Tang-da-mat-ho-4.JPG,https://thegioidaquy.net/phong-thuy/phat-ban-menh-tuoi-suu-phat-hu-khong-tang-da-mat-ho-3355.html,all_products_md/001_Phật-bản-mệnh-tuổi-Sửu-phật-Hư-Không-Tạng-đá-mắt-hổ-đúng-gốc.md
2,Quan Công cầm Đao cưỡi Ngựa đá ruby đỏ 299ct giám định SJC,Đá Ruby,Liên hệ,downloaded_images/products/thumbnails/Quan-Cong-cam-Dao-cuoi-ngua-da-ruby-do-thien-nhien-299ct-2-small.jpg,downloaded_images/products/original/Quan-Cong-cam-Dao-cuoi-ngua-da-ruby-do-thien-nhien-299ct-2.jpg,https://thegioidaquy.net/phong-thuy/Quan-cong-cam-dao-cuoi-ngua-da-ruby-do-299ct-giam-dinh-sjc-3363.html,all_products_md/002_Quan-Công-cầm-Đao-cưỡi-Ngựa-đá-ruby-đỏ-299ct-giám-định-SJC.md
3,Vòng đá thạch anh tím 10 ly,Đá Thạch Anh,"600,000 VND",downloaded_images/products/thumbnails/Vong-da-thach-anh-tim-10-ly-3-small.JPG,downloaded_images/products/original/Vong-da-thach-anh-tim-10-ly-3.JPG,https://thegioidaquy.net/phong-thuy/vong-da-thach-anh-tim-10-ly-3060.html,all_products_md/003_Vòng-đá-thạch-anh-tím-10-ly.md
4,Phật bản mệnh tuổi Hợi A Di Đà đá mắt hổ - Chổ bán A Di Đà phật đúng gốc,Đá Mắt Hổ,"800,000 VND",downloaded_images/products/thumbnails/Phat-ban-menh-tuoi-Hoi-A-Di-Da-da-mat-ho-Cho-ban-A-Di-Da-phat-dung-goc-3-small.JPG,downloaded_images/products/original/Phat-ban-menh-tuoi-Hoi-A-Di-Da-da-mat-ho-Cho-ban-A-Di-Da-phat-dung-goc-3.JPG,https://thegioidaquy.net/phong-thuy/Phat-ban-menh-tuoi-Hoi-A-Di-Da-da-mat-ho-3359.html,all_products_md/004_Phật-bản-mệnh-tuổi-Hợi-A-Di-Đà-đá-mắt-hổ-Chổ-bán-A-Di-Đà-phậ.md
5,Phật bản mệnh Quan Âm nghìn tay đá mắt hổ - Chổ bán Phật bản mệnh đúng gốc phật giáo,Đá Mắt Hổ,"800,000 VND",downloaded_images/products/thumbnails/Phat-ban-menh-Quan-Am-nghin-tay-da-mat-ho-Cho-ban-Phat-ban-menh-dung-goc-phat-giao-4-small.JPG,downloaded_images/products/original/Phat-ban-menh-Quan-Am-nghin-tay-da-mat-ho-Cho-ban-Phat-ban-menh-dung-goc-phat-giao-4.JPG,https://thegioidaquy.net/phong-thuy/phat-ban-menh-quan-am-nghin-tay-da-mat-ho-3358.html,all_products_md/005_Phật-bản-mệnh-Quan-Âm-nghìn-tay-đá-mắt-hổ-Chổ-bán-Phật-bản-m.md
6,Nhẫn Mẫu Đơn cẩm thạch xanh,Đá Cẩm Thạch (Ngọc Phỉ Thúy),"1,400,000 VND",downloaded_images/products/thumbnails/Nhan-Mau-Don-cam-thach-xanh-1-small.JPG,downloaded_images/products/original/Nhan-Mau-Don-cam-thach-xanh-1.JPG,https://thegioidaquy.net/phong-thuy/nhan-mau-don-cam-thach-xanh-2521.html,all_products_md/006_Nhẫn-Mẫu-Đơn-cẩm-thạch-xanh.md
7,Phật bản mệnh Hư Không Tạng đá mã não,Đá Mã Não,"750,000 VND",downloaded_images/products/thumbnails/Phat-ban-menh-Hu-Khong-Tang-da-ma-nao-7-small.JPG,downloaded_images/products/original/Phat-ban-menh-Hu-Khong-Tang-da-ma-nao-7.JPG,https://thegioidaquy.net/phong-thuy/phat-ban-menh-hu-khong-tang-da-ma-nao-3260.html,all_products_md/007_Phật-bản-mệnh-Hư-Không-Tạng-đá-mã-não.md
8,Phật bản mệnh Như Lai Đại Nhật đá mã não đỏ,Đá Mã Não,"750,000 VND",downloaded_images/products/thumbnails/Phat-ban-menh-Nhu-Lai-Dai-Nhat-da-ma-nao-do-9-small.JPG,downloaded_images/products/original/Phat-ban-menh-Nhu-Lai-Dai-Nhat-da-ma-nao-do-9.JPG,https://thegioidaquy.net/phong-thuy/phat-ban-menh-nhu-lai-dai-nhat-da-ma-nao-do-3252.html,all_products_md/008_Phật-bản-mệnh-Như-Lai-Đại-Nhật-đá-mã-não-đỏ.md
9,Mai Hoa Kim Tiền,Đá phong thủy tổng hợp,"60,000 VND",downloaded_images/products/thumbnails/Mai-Hoa-Kim-Tien-0-small.JPG,downloaded_images/products/original/Mai-Hoa-Kim-Tien-0.JPG,https://thegioidaquy.net/phong-thuy/mai-hoa-kim-tien-455.html,all_products_md/009_Mai-Hoa-Kim-Tiền.md
10,Nhện phong thuỷ đá ngọc bích,Đá Ngọc Bích,"1,800,000 VND",downloaded_images/products/thumbnails/Nhen-phong-thuy-da-ngoc-bich-5-small.JPG,downloaded_images/products/original/Nhen-phong-thuy-da-ngoc-bich-5.JPG,https://thegioidaquy.net/phong-thuy/nhen-phong-thuy-da-ngoc-bich-3337.html,all_products_md/010_Nhện-phong-thuỷ-đá-ngọc-bích.md
11,Vòng tay đá Tourmaline 10 ly,Đá Tourmaline,"1,500,000 VND",downloaded_images/products/thumbnails/Vong-tay-da-tourmaline-9-ly-6-small.JPG,downloaded_images/products/original/Vong-tay-da-tourmaline-9-ly-6.JPG,https://thegioidaquy.net/phong-thuy/vong-tay-da-tourmaline-10-ly-3238.html,all_products_md/011_Vòng-tay-đá-Tourmaline-10-ly.md
12,Đôi uyên ương thạch anh hồng nhỏ,Đá Thạch Anh,"750,000 VND",downloaded_images/products/thumbnails/Doi-uyen-uong-thach-anh-hong-nho-0-small.JPG,downloaded_images/products/original/Doi-uyen-uong-thach-anh-hong-nho-0.JPG,https://thegioidaquy.net/phong-thuy/doi-uyen-uong-thach-anh-hong-nho-2659.html,all_products_md/012_Đôi-uyên-ương-thạch-anh-hồng-nhỏ.md
13,Bán phật bản mệnh Như Lai Đại Nhật thạch anh tóc vàng,Đá Thạch Anh,"3,800,000 VND",downloaded_images/products/thumbnails/Ban-phat-ban-menh-Nhu-Lai-Dai-Nhat-thach-anh-toc-vang-3-small.JPG,downloaded_images/products/original/Ban-phat-ban-menh-Nhu-Lai-Dai-Nhat-thach-anh-toc-vang-3.JPG,https://thegioidaquy.net/phong-thuy/ban-phat-ban-menh-nhu-lai-dai-nhat-thach-anh-toc-vang-3351.html,all_products_md/013_Bán-phật-bản-mệnh-Như-Lai-Đại-Nhật-thạch-anh-tóc-vàng.md
14,Quan Âm cưỡi Rồng đá ngọc bích A,Đá Ngọc Bích,"3,600,000 VND",downloaded_images/products/thumbnails/Quan-Am-cuoi-Rong-da-ngoc-bich-A-2-small.JPG,downloaded_images/products/original/Quan-Am-cuoi-Rong-da-ngoc-bich-A-2.JPG,https://thegioidaquy.net/phong-thuy/quan-am-cuoi-rong-da-ngoc-bich-a-3138.html,all_products_md/014_Quan-Âm-cưỡi-Rồng-đá-ngọc-bích-A.md
15,Vòng tay thạch anh đen 10 ly,Đá Thạch Anh,"1,500,000 VND",downloaded_images/products/thumbnails/Vong-tay-thach-anh-den-10-ly-1-small.JPG,downloaded_images/products/original/Vong-tay-thach-anh-den-10-ly-1.JPG,https://thegioidaquy.net/phong-thuy/vong-tay-thach-anh-den-10-ly-1454.html,all_products_md/015_Vòng-tay-thạch-anh-đen-10-ly.md
16,Phật bản mệnh Hư Không Tạng đá thạch anh trắng,Đá Thạch Anh,"1,800,000 VND",downloaded_images/products/thumbnails/Phat-ban-menh-Hu-Khong-Tang-da-thach-anh-trang-1-small.JPG,downloaded_images/products/original/Phat-ban-menh-Hu-Khong-Tang-da-thach-anh-trang-1.JPG,https://thegioidaquy.net/phong-thuy/phat-ban-menh-hu-khong-tang-da-thach-anh-trang-3310.html,all_products_md/016_Phật-bản-mệnh-Hư-Không-Tạng-đá-thạch-anh-trắng.md
17,Phật bản mệnh tuổi Mùi phật Như Lai Đại Nhật đá mắt hổ đúng gốc phật giáo,Đá Mắt Hổ,"800,000 VND",downloaded_images/products/thumbnails/Phat-ban-menh-tuoi-Mui-phat-Nhu-Lai-Dai-Nhat-da-mat-ho-1-small.JPG,downloaded_images/products/original/Phat-ban-menh-tuoi-Mui-phat-Nhu-Lai-Dai-Nhat-da-mat-ho-1.JPG,https://thegioidaquy.net/phong-thuy/phat-ban-menh-tuoi-mui-nhu-lai-dai-nhat-da-mat-ho-3356.html,all_products_md/017_Phật-bản-mệnh-tuổi-Mùi-phật-Như-Lai-Đại-Nhật-đá-mắt-hổ-đúng-.md
18,Đá ruby sao thiên nhiên,Đá Ruby,"180,000 VND",downloaded_images/products/thumbnails/Da-ruby-sao-4-small.JPG,downloaded_images/products/original/Da-ruby-sao-4.JPG,https://thegioidaquy.net/phong-thuy/da-ruby-sao-thien-nhien-3322.html,all_products_md/018_Đá-ruby-sao-thiên-nhiên.md
19,Quả cầu đá thạch anh tím đậm 85,Đá Thạch Anh,"4,800,000 VND",downloaded_images/products/thumbnails/Qua-cau-da-thach-anh-tim-dam-85-2-small.JPG,downloaded_images/products/original/Qua-cau-da-thach-anh-tim-dam-85-2.JPG,https://thegioidaquy.net/phong-thuy/qua-cau-da-thach-anh-tim-dam-85-3251.html,all_products_md/019_Quả-cầu-đá-thạch-anh-tím-đậm-85.md
20,Kim Tự Tháp thạch anh trắng,Đá Thạch Anh,"1,600,000 VND",downloaded_images/products/thumbnails/Thap-da-thach-anh-trang-kim-tu-thap-.-2-small.JPG,downloaded_images/products/original/Thap-da-thach-anh-trang-kim-tu-thap-.-2.JPG,https://thegioidaquy.net/phong-thuy/kim-tu-thap-thach-anh-trang-1601.html,all_products_md/020_Kim-Tự-Tháp-thạch-anh-trắng.md
21,Phật bản mệnh Phổ Hiền nhỏ Obsidian,Đá Hắc Ngà (Obsidian),"850,000 VND",downloaded_images/products/thumbnails/Phat-ban-menh-Pho-Hien-nho-Obsidian-0-small.JPG,downloaded_images/products/original/Phat-ban-menh-Pho-Hien-nho-Obsidian-0.JPG,https://thegioidaquy.net/phong-thuy/phat-ban-menh-pho-hien-nho-obsidian-3152.html,all_products_md/021_Phật-bản-mệnh-Phổ-Hiền-nhỏ-Obsidian.md
22,Đầu Rồng đá mắt hổ vàng,Đá Mắt Hổ,"450,000 VND",downloaded_images/products/thumbnails/Dau-Rong-da-mat-ho-vang-6-small.JPG,downloaded_images/products/original/Dau-Rong-da-mat-ho-vang-6.JPG,https://thegioidaquy.net/phong-thuy/dau-rong-da-mat-ho-vang-3343.html,all_products_md/022_Đầu-Rồng-đá-mắt-hổ-vàng.md
23,Vòng tay dây rút 6 ly Hoa Mẫu Đơn thạch anh tím,Đá Thạch Anh,"790,000 VND",downloaded_images/products/thumbnails/Vong-tay-day-rut-6-ly-Hoa-Mau-Don-thach-anh-tim-0-small.JPG,downloaded_images/products/original/Vong-tay-day-rut-6-ly-Hoa-Mau-Don-thach-anh-tim-0.JPG,https://thegioidaquy.net/phong-thuy/vong-tay-day-rut-6-ly-Hoa-Mau-Don-thach-anh-tim-2916.html,all_products_md/023_Vòng-tay-dây-rút-6-ly-Hoa-Mẫu-Đơn-thạch-anh-tím.md
24,Hồ ly đá ngọc bích,Đá Ngọc Bích,"1,100,000 VND",downloaded_images/products/thumbnails/Ho-ly-da-ngoc-bich-6-small.JPG,downloaded_images/products/original/Ho-ly-da-ngoc-bich-6.JPG,https://thegioidaquy.net/phong-thuy/ho-ly-da-ngoc-bich-3335.html,all_products_md/024_Hồ-ly-đá-ngọc-bích.md
25,Tỳ hưu chiếc lá đá mắt hổ,Đá Mắt Hổ,Liên hệ,downloaded_images/products/thumbnails/Ty-huu-chiec-la-da-mat-ho-4-small.JPG,downloaded_images/products/original/Ty-huu-chiec-la-da-mat-ho-4.JPG,https://thegioidaquy.net/phong-thuy/ty-huu-chiec-la-da-mat-ho-3346.html,all_products_md/025_Tỳ-hưu-chiếc-lá-đá-mắt-hổ.md
26,Gỗ hoá thạch gỗ hoá đá bán giá rẻ,Gỗ Hóa Thạch,"90,000 VND",downloaded_images/products/thumbnails/Go-hoa-thach-go-hoa-da-ban-gia-re-6-small.JPG,downloaded_images/products/original/Go-hoa-thach-go-hoa-da-ban-gia-re-6.JPG,https://thegioidaquy.net/phong-thuy/go-hoa-thach-go-hoa-da-ban-gia-re-3324.html,all_products_md/026_Gỗ-hoá-thạch-gỗ-hoá-đá-bán-giá-rẻ.md
27,Phật bản mệnh Đại Thế Chí đá Serpentine,Đá Serpentine,"800,000 VND",downloaded_images/products/thumbnails/Phat-ban-menh-Dai-The-Chi-da-Serpentine-8-small.JPG,downloaded_images/products/original/Phat-ban-menh-Dai-The-Chi-da-Serpentine-8.JPG,https://thegioidaquy.net/phong-thuy/phat-ban-menh-dai-the-chi-da-serpentine-3279.html,all_products_md/027_Phật-bản-mệnh-Đại-Thế-Chí-đá-Serpentine.md
28,Lắc tay đá Lapis lazuli 10 ly,Đá Lapis Lazuli,"1,490,000 VND",downloaded_images/products/thumbnails/Lac-tay-da-Lapis-lazuli-10-ly-2-small.JPG,downloaded_images/products/original/Lac-tay-da-Lapis-lazuli-10-ly-2.JPG,https://thegioidaquy.net/phong-thuy/lac-tay-da-lapis-lazuli-10-ly-3268.html,all_products_md/028_Lắc-tay-đá-Lapis-lazuli-10-ly.md
29,Đá Garnet đỏ mài giác,Đá Garnet,"250,000 VND",downloaded_images/products/thumbnails/Da-Garnet-do-mai-giac-5-small.JPG,downloaded_images/products/original/Da-Garnet-do-mai-giac-5.JPG,https://thegioidaquy.net/phong-thuy/da-garnet-do-mai-giac-3320.html,all_products_md/029_Đá-Garnet-đỏ-mài-giác.md
30,Phật bản mệnh Hư Không Tạng đá Serpentine,Đá Serpentine,"800,000 VND",downloaded_images/products/thumbnails/Phat-ban-menh-Hu-Khong-Tang-da-Serpentine-2-small.JPG,downloaded_images/products/original/Phat-ban-menh-Hu-Khong-Tang-da-Serpentine-2.JPG,https://thegioidaquy.net/phong-thuy/phat-ban-menh-hu-khong-tang-da-serpentine-3274.html,all_products_md/030_Phật-bản-mệnh-Hư-Không-Tạng-đá-Serpentine.md
31,Vòng tay thạch anh tóc xanh đậm 8 ly,Đá Thạch Anh,"1,200,000 VND",downloaded_images/products/thumbnails/Vong-tay-thach-anh-toc-xanh-dam-8-ly-0-small.JPG,downloaded_images/products/original/Vong-tay-thach-anh-toc-xanh-dam-8-ly-0.JPG,https://thegioidaquy.net/phong-thuy/vong-tay-thach-anh-toc-xanh-dam-8-ly-3043.html,all_products_md/031_Vòng-tay-thạch-anh-tóc-xanh-đậm-8-ly.md
32,Phật bản mệnh Bất Động Minh Vương nhỏ Obsidian,Đá Hắc Ngà (Obsidian),"850,000 VND",downloaded_images/products/thumbnails/Phat-ban-menh-Bat-Dong-Minh-Vuong-nho-Obsidian-4-small.JPG,downloaded_images/products/original/Phat-ban-menh-Bat-Dong-Minh-Vuong-nho-Obsidian-4.JPG,https://thegioidaquy.net/phong-thuy/phat-ban-menh-bat-dong-minh-vuong-nho-obsidian-3156.html,all_products_md/032_Phật-bản-mệnh-Bất-Động-Minh-Vương-nhỏ-Obsidian.md
33,Tỳ hưu đá thạch anh khói đậm 70,Đá Thạch Anh,"1,900,000 VND",downloaded_images/products/thumbnails/Ty-huu-da-thach-anh-khoi-dam-70-3-small.JPG,downloaded_images/products/original/Ty-huu-da-thach-anh-khoi-dam-70-3.JPG,https://thegioidaquy.net/phong-thuy/ty-huu-da-thach-anh-khoi-dam-70-3259.html,all_products_md/033_Tỳ-hưu-đá-thạch-anh-khói-đậm-70.md
34,Vòng tay đá ngọc bích 10 ly,Đá Ngọc Bích,"1,600,000 VND",downloaded_images/products/thumbnails/Vong-tay-da-ngoc-bich-10-ly-3-small.JPG,downloaded_images/products/original/Vong-tay-da-ngoc-bich-10-ly-3.JPG,https://thegioidaquy.net/phong-thuy/vong-tay-da-ngoc-bich-10-ly-3132.html,all_products_md/034_Vòng-tay-đá-ngọc-bích-10-ly.md
35,Vòng tay đá Tourmaline 7 ly,Đá Tourmaline,"1,200,000 VND",downloaded_images/products/thumbnails/Vong-tay-da-Tourmaline-8-ly-2-small.JPG,downloaded_images/products/original/Vong-tay-da-Tourmaline-8-ly-2.JPG,https://thegioidaquy.net/phong-thuy/vong-tay-da-tourmaline-7-ly-3239.html,all_products_md/035_Vòng-tay-đá-Tourmaline-7-ly.md
36,Phật bản mệnh Phổ Hiền đá Serpentine,Đá Serpentine,"800,000 VND",downloaded_images/products/thumbnails/Phat-ban-menh-Pho-Hien-da-Serpentine-2-small.JPG,downloaded_images/products/original/Phat-ban-menh-Pho-Hien-da-Serpentine-2.JPG,https://thegioidaquy.net/phong-thuy/phat-ban-menh-pho-hien-da-serpentine-3275.html,all_products_md/036_Phật-bản-mệnh-Phổ-Hiền-đá-Serpentine.md
37,Phật bản mệnh Bất Động Minh Vương đá Serpentine,Đá Serpentine,"800,000 VND",downloaded_images/products/thumbnails/Phat-ban-menh-Bat-Dong-Minh-Vuong-da-Serpentine-6-small.JPG,downloaded_images/products/original/Phat-ban-menh-Bat-Dong-Minh-Vuong-da-Serpentine-6.JPG,https://thegioidaquy.net/phong-thuy/phat-ban-menh-bat-dong-minh-vuong-da-serpentine-3280.html,all_products_md/037_Phật-bản-mệnh-Bất-Động-Minh-Vương-đá-Serpentine.md
38,Mặt Quan Công đại giáp đá Obsidian,Đá Hắc Ngà (Obsidian),"1,300,000 VND",downloaded_images/products/thumbnails/Mat-Quan-Cong-dai-giap-da-Obsidian-1-small.JPG,downloaded_images/products/original/Mat-Quan-Cong-dai-giap-da-Obsidian-1.JPG,https://thegioidaquy.net/phong-thuy/mat-quan-cong-dai-giap-da-Obsidian-3177.html,all_products_md/038_Mặt-Quan-Công-đại-giáp-đá-Obsidian.md
39,Phật bản mệnh Như Lai Đại Nhật đá Serpentine,Đá Serpentine,"800,000 VND",downloaded_images/products/thumbnails/Phat-ban-menh-Nhu-Lai-Dai-Nhat-da-Serpentine-5-small.JPG,downloaded_images/products/original/Phat-ban-menh-Nhu-Lai-Dai-Nhat-da-Serpentine-5.JPG,https://thegioidaquy.net/phong-thuy/phat-ban-menh-nhu-lai-dai-nhat-da-serpentine-3278.html,all_products_md/039_Phật-bản-mệnh-Như-Lai-Đại-Nhật-đá-Serpentine.md
40,Phong Linh sáu thanh trắng,Đá phong thủy tổng hợp,"170,000 VND",downloaded_images/products/thumbnails/Phong-Linh-sau-thanh-trang-0-small.JPG,downloaded_images/products/original/Phong-Linh-sau-thanh-trang-0.JPG,https://thegioidaquy.net/phong-thuy/phong-linh-sau-thanh-trang-1097.html,all_products_md/040_Phong-Linh-sáu-thanh-trắng.md
41,Bán mặt Quạt phong thuỷ đá ngọc bích,Đá Ngọc Bích,"1,600,000 VND",downloaded_images/products/thumbnails/Ban-mat-Quat-phong-thuy-da-ngoc-bich-5-new-small.JPG,downloaded_images/products/original/Ban-mat-Quat-phong-thuy-da-ngoc-bich-5-new.JPG,https://thegioidaquy.net/phong-thuy/ban-mat-quat-phong-thuy-da-ngoc-bich-3317.html,all_products_md/041_Bán-mặt-Quạt-phong-thuỷ-đá-ngọc-bích.md
42,Vòng tay gỗ hoá ngọc đỏ nâu 10 ly,Vòng Tay Phong Thủy,"350,000 VND",downloaded_images/products/thumbnails/Vong-tay-go-hoa-ngoc-do-10-ly--0-small.JPG,downloaded_images/products/original/Vong-tay-go-hoa-ngoc-do-10-ly--0.JPG,https://thegioidaquy.net/phong-thuy/vong-tay-go-hoa-ngoc-do-nau-10-ly-2773.html,all_products_md/042_Vòng-tay-gỗ-hoá-ngọc-đỏ-nâu-10-ly.md
43,Phật bản mệnh Thiên Thủ nhỏ Obsidian,Đá Hắc Ngà (Obsidian),"850,000 VND",downloaded_images/products/thumbnails/Phat-ban-menh-Thien-Thu-nho-Obsidian-4-small.JPG,downloaded_images/products/original/Phat-ban-menh-Thien-Thu-nho-Obsidian-4.JPG,https://thegioidaquy.net/phong-thuy/phat-ban-menh-thien-thu-nho-obsidian-3157.html,all_products_md/043_Phật-bản-mệnh-Thiên-Thủ-nhỏ-Obsidian.md
44,Mặt Quan Âm Đồng Tử Chalcedony đỏ dầy,Đá Chalcedony,Liên hệ,downloaded_images/products/thumbnails/Mat-Quan-Am-Dong-Tu-Chalcedony-do-day-5-small.JPG,downloaded_images/products/original/Mat-Quan-Am-Dong-Tu-Chalcedony-do-day-5.JPG,https://thegioidaquy.net/phong-thuy/mat-Quan-Am-Dong-Tu-Chalcedony-do-day-2852.html,all_products_md/044_Mặt-Quan-Âm-Đồng-Tử-Chalcedony-đỏ-dầy.md
45,Vòng tay tỳ hưu đá mắt hổ 10 ly,Đá Mắt Hổ,"350,000 VND",downloaded_images/products/thumbnails/Vong-tay-ty-huu-da-mat-ho-10-ly-0-small.JPG,downloaded_images/products/original/Vong-tay-ty-huu-da-mat-ho-10-ly-0.JPG,https://thegioidaquy.net/phong-thuy/vong-tay-ty-huu-da-mat-ho-10-ly-1840.html,all_products_md/045_Vòng-tay-tỳ-hưu-đá-mắt-hổ-10-ly.md
46,Phật bản mệnh tuổi Thân Như Lai Đại Nhật đá mắt hổ - Chổ bán Đại nhật Như Lai chính gốc phật giáo,Đá Mắt Hổ,"800,000 VND",downloaded_images/products/thumbnails/Phat-ban-menh-tuoi-Than-Nhu-Lai-Dai-Nhat-da-mat-ho-Cho-ban-Dai-nhat-Nhu-Lai-chinh-goc-phat-giao-4-small.JPG,downloaded_images/products/original/Phat-ban-menh-tuoi-Than-Nhu-Lai-Dai-Nhat-da-mat-ho-Cho-ban-Dai-nhat-Nhu-Lai-chinh-goc-phat-giao-4.JPG,https://thegioidaquy.net/phong-thuy/phat-ban-menh-tuoi-than-nhu-lai-dai-nhat-da-mat-ho-3360.html,all_products_md/046_Phật-bản-mệnh-tuổi-Thân-Như-Lai-Đại-Nhật-đá-mắt-hổ-Chổ-bán-Đ.md
47,Mặt Quan Công đọc sách đá Obsidian,Đá Hắc Ngà (Obsidian),"1,300,000 VND",downloaded_images/products/thumbnails/Mat-Quan-Cong-doc-sach-da-Obsidian-0-small.JPG,downloaded_images/products/original/Mat-Quan-Cong-doc-sach-da-Obsidian-0.JPG,https://thegioidaquy.net/phong-thuy/mat-quan-cong-doc-sach-da-Obsidian-3179.html,all_products_md/047_Mặt-Quan-Công-đọc-sách-đá-Obsidian.md
