STT,Tiêu Đề / Neo Liên Kết,Phân Loại Liên Kết,Đường Dẫn URL,Tên Miền
1,Google Plus,Liên Kết Khác (Other),https://plus.google.com/+phongth%E1%BB%A7yHoaM%E1%BB%99cLancom/posts,plus.google.com
2,Hỏi đáp,Trang Tĩnh (Static Page),https://thegioidaquy.net/cau-hoi-thuong-gap,thegioidaquy.net
3,login,Hệ Thống / Tài Khoản (System / User),https://thegioidaquy.net/da-phongthuy/../user/login,thegioidaquy.net
4,Các quy định & Thoả thuận,Danh Mục Tin (News Category),https://thegioidaquy.net/danh-muc-tin/Cac-quy-dinh-Thoa-thuan-62.html,thegioidaquy.net
5,Phong thủy,Danh Mục Tin (News Category),https://thegioidaquy.net/danh-muc-tin/Phong-thuy--57.html,thegioidaquy.net
6,Thế giới đá quý,Danh Mục Tin (News Category),https://thegioidaquy.net/danh-muc-tin/The-gioi-da-quy-56.html,thegioidaquy.net
7,Ung dung phong thuy  57,Danh Mục Tin (News Category),https://thegioidaquy.net/danh-muc-tin/Ung-dung-phong-thuy--57.html,thegioidaquy.net
8,Giao nhận,Trang Tĩnh (Static Page),https://thegioidaquy.net/giao-nhan,thegioidaquy.net
9,Giới thiệu,Trang Tĩnh (Static Page),https://thegioidaquy.net/gioi-thieu,thegioidaquy.net
10,Liên hệ,Trang Tĩnh (Static Page),https://thegioidaquy.net/lien-he,thegioidaquy.net
11,Sản phẩm,Chuyên Mục Sản Phẩm (Product Category),https://thegioidaquy.net/phong-thuy,thegioidaquy.net
12,Day treo xe Ty Huu da vang 1514,Sản Phẩm Chi Tiết (Product Detail),https://thegioidaquy.net/phong-thuy/Day-treo-xe-Ty-Huu-da-vang-1514.html,thegioidaquy.net
13,Dia that tinh thach anh hong 1709,Sản Phẩm Chi Tiết (Product Detail),https://thegioidaquy.net/phong-thuy/Dia-that-tinh-thach-anh-hong-1709.html,thegioidaquy.net
14,Mat Di Lac da sapphire xanh 694,Sản Phẩm Chi Tiết (Product Detail),https://thegioidaquy.net/phong-thuy/Mat-Di-Lac-da-sapphire-xanh-694.html,thegioidaquy.net
15,Mat Giot nuoc da Aquamarin 704,Sản Phẩm Chi Tiết (Product Detail),https://thegioidaquy.net/phong-thuy/Mat-Giot-nuoc-da-Aquamarin-704.html,thegioidaquy.net
16,Mat Giot nuoc da Aquamarin 705,Sản Phẩm Chi Tiết (Product Detail),https://thegioidaquy.net/phong-thuy/Mat-Giot-nuoc-da-Aquamarin-705.html,thegioidaquy.net
17,"Mat Long Phung da chacedol, hang dep 1524",Sản Phẩm Chi Tiết (Product Detail),"https://thegioidaquy.net/phong-thuy/Mat-Long-Phung-da-chacedol,-hang-dep-1524.html",thegioidaquy.net
18,Mat Oval Rhodonite 703,Sản Phẩm Chi Tiết (Product Detail),https://thegioidaquy.net/phong-thuy/Mat-Oval-Rhodonite-703.html,thegioidaquy.net
19,Mat cabochon da Ruby dep 700,Sản Phẩm Chi Tiết (Product Detail),https://thegioidaquy.net/phong-thuy/Mat-cabochon-da-Ruby-dep-700.html,thegioidaquy.net
20,Mat caboncho da Ruby dep 702,Sản Phẩm Chi Tiết (Product Detail),https://thegioidaquy.net/phong-thuy/Mat-caboncho-da-Ruby-dep-702.html,thegioidaquy.net
21,Mat cacboncho da Ruby bat quai. 701,Sản Phẩm Chi Tiết (Product Detail),https://thegioidaquy.net/phong-thuy/Mat-cacboncho-da-Ruby-bat-quai.-701.html,thegioidaquy.net
22,Mat da sapphire den Oval lon 760,Sản Phẩm Chi Tiết (Product Detail),https://thegioidaquy.net/phong-thuy/Mat-da-sapphire-den-Oval-lon-760.html,thegioidaquy.net
23,Mat day chuyen nanh cho soi 1075,Sản Phẩm Chi Tiết (Product Detail),https://thegioidaquy.net/phong-thuy/Mat-day-chuyen-nanh-cho-soi-1075.html,thegioidaquy.net
24,Mat nhan da sapphire sao 1260,Sản Phẩm Chi Tiết (Product Detail),https://thegioidaquy.net/phong-thuy/Mat-nhan-da-sapphire-sao-1260.html,thegioidaquy.net
25,Mat oval da sapphire den 693,Sản Phẩm Chi Tiết (Product Detail),https://thegioidaquy.net/phong-thuy/Mat-oval-da-sapphire-den-693.html,thegioidaquy.net
26,Mat oval da sapphire xanh lon 692,Sản Phẩm Chi Tiết (Product Detail),https://thegioidaquy.net/phong-thuy/Mat-oval-da-sapphire-xanh-lon-692.html,thegioidaquy.net
27,Nhan da Rhodonite bac xi vang trang 447,Sản Phẩm Chi Tiết (Product Detail),https://thegioidaquy.net/phong-thuy/Nhan-da-Rhodonite-bac-xi-vang-trang-447.html,thegioidaquy.net
28,Phật bản mệnh tuổi Hợi A Di Đà đá mắt hổ - Chổ bán A Di Đà phật đúng gốc,Sản Phẩm Chi Tiết (Product Detail),https://thegioidaquy.net/phong-thuy/Phat-ban-menh-tuoi-Hoi-A-Di-Da-da-mat-ho-3359.html,thegioidaquy.net
29,Quan Công cầm Đao cưỡi Ngựa đá ruby đỏ 299ct giám định SJC,Sản Phẩm Chi Tiết (Product Detail),https://thegioidaquy.net/phong-thuy/Quan-cong-cam-dao-cuoi-ngua-da-ruby-do-299ct-giam-dinh-sjc-3363.html,thegioidaquy.net
30,Tranh Di Lac lon 3D co khung 1221,Sản Phẩm Chi Tiết (Product Detail),https://thegioidaquy.net/phong-thuy/Tranh-Di-Lac-lon-3D-co-khung-1221.html,thegioidaquy.net
31,Vong tay dep da tourmaline 1346,Sản Phẩm Chi Tiết (Product Detail),https://thegioidaquy.net/phong-thuy/Vong-tay-dep-da-tourmaline-1346.html,thegioidaquy.net
32,ba tien tai loc 1473,Sản Phẩm Chi Tiết (Product Detail),https://thegioidaquy.net/phong-thuy/ba-tien-tai-loc-1473.html,thegioidaquy.net
33,Bán mặt Quạt phong thuỷ đá ngọc bích,Sản Phẩm Chi Tiết (Product Detail),https://thegioidaquy.net/phong-thuy/ban-mat-quat-phong-thuy-da-ngoc-bich-3317.html,thegioidaquy.net
34,Bán phật bản mệnh Như Lai Đại Nhật thạch anh tóc vàng,Sản Phẩm Chi Tiết (Product Detail),https://thegioidaquy.net/phong-thuy/ban-phat-ban-menh-nhu-lai-dai-nhat-thach-anh-toc-vang-3351.html,thegioidaquy.net
35,bat quai ho phu 1554,Sản Phẩm Chi Tiết (Product Detail),https://thegioidaquy.net/phong-thuy/bat-quai-ho-phu-1554.html,thegioidaquy.net
36,bong tai inox da san ho 923,Sản Phẩm Chi Tiết (Product Detail),https://thegioidaquy.net/phong-thuy/bong-tai-inox-da-san-ho-923.html,thegioidaquy.net
37,bong tai inox da san ho 924,Sản Phẩm Chi Tiết (Product Detail),https://thegioidaquy.net/phong-thuy/bong-tai-inox-da-san-ho-924.html,thegioidaquy.net
38,bong tai inox da san ho 925,Sản Phẩm Chi Tiết (Product Detail),https://thegioidaquy.net/phong-thuy/bong-tai-inox-da-san-ho-925.html,thegioidaquy.net
39,bong tai inox da san ho 926,Sản Phẩm Chi Tiết (Product Detail),https://thegioidaquy.net/phong-thuy/bong-tai-inox-da-san-ho-926.html,thegioidaquy.net
40,bong tai inox da san ho 927,Sản Phẩm Chi Tiết (Product Detail),https://thegioidaquy.net/phong-thuy/bong-tai-inox-da-san-ho-927.html,thegioidaquy.net
41,bong tai inox da san ho 928,Sản Phẩm Chi Tiết (Product Detail),https://thegioidaquy.net/phong-thuy/bong-tai-inox-da-san-ho-928.html,thegioidaquy.net
42,ca chep thach anh tim 1755,Sản Phẩm Chi Tiết (Product Detail),https://thegioidaquy.net/phong-thuy/ca-chep-thach-anh-tim-1755.html,thegioidaquy.net
43,ca phun nuoc phong thuy 1788,Sản Phẩm Chi Tiết (Product Detail),https://thegioidaquy.net/phong-thuy/ca-phun-nuoc-phong-thuy-1788.html,thegioidaquy.net
44,cau da mat meo den 1728,Sản Phẩm Chi Tiết (Product Detail),https://thegioidaquy.net/phong-thuy/cau-da-mat-meo-den-1728.html,thegioidaquy.net
45,cau da mat meo do 1730,Sản Phẩm Chi Tiết (Product Detail),https://thegioidaquy.net/phong-thuy/cau-da-mat-meo-do-1730.html,thegioidaquy.net
46,cau da mat meo do 1737,Sản Phẩm Chi Tiết (Product Detail),https://thegioidaquy.net/phong-thuy/cau-da-mat-meo-do-1737.html,thegioidaquy.net
47,cau da mat meo hong 1735,Sản Phẩm Chi Tiết (Product Detail),https://thegioidaquy.net/phong-thuy/cau-da-mat-meo-hong-1735.html,thegioidaquy.net
48,cau da mat meo hong 1738,Sản Phẩm Chi Tiết (Product Detail),https://thegioidaquy.net/phong-thuy/cau-da-mat-meo-hong-1738.html,thegioidaquy.net
49,cau da mat meo tim 1741,Sản Phẩm Chi Tiết (Product Detail),https://thegioidaquy.net/phong-thuy/cau-da-mat-meo-tim-1741.html,thegioidaquy.net
50,cau da mat meo trang 1734,Sản Phẩm Chi Tiết (Product Detail),https://thegioidaquy.net/phong-thuy/cau-da-mat-meo-trang-1734.html,thegioidaquy.net
51,cau da mat meo trang 1736,Sản Phẩm Chi Tiết (Product Detail),https://thegioidaquy.net/phong-thuy/cau-da-mat-meo-trang-1736.html,thegioidaquy.net
52,cau da mat meo vang 1729,Sản Phẩm Chi Tiết (Product Detail),https://thegioidaquy.net/phong-thuy/cau-da-mat-meo-vang-1729.html,thegioidaquy.net
53,cau da mat meo vang 1740,Sản Phẩm Chi Tiết (Product Detail),https://thegioidaquy.net/phong-thuy/cau-da-mat-meo-vang-1740.html,thegioidaquy.net
54,cau da mat meo xanh duong 1733,Sản Phẩm Chi Tiết (Product Detail),https://thegioidaquy.net/phong-thuy/cau-da-mat-meo-xanh-duong-1733.html,thegioidaquy.net
55,cau da mat meo xanh lam 1732,Sản Phẩm Chi Tiết (Product Detail),https://thegioidaquy.net/phong-thuy/cau-da-mat-meo-xanh-lam-1732.html,thegioidaquy.net
56,cau da mat meo xanh luc 1731,Sản Phẩm Chi Tiết (Product Detail),https://thegioidaquy.net/phong-thuy/cau-da-mat-meo-xanh-luc-1731.html,thegioidaquy.net
57,cau da mat meo xanh luc 1739,Sản Phẩm Chi Tiết (Product Detail),https://thegioidaquy.net/phong-thuy/cau-da-mat-meo-xanh-luc-1739.html,thegioidaquy.net
58,cau thach anh hong 1756,Sản Phẩm Chi Tiết (Product Detail),https://thegioidaquy.net/phong-thuy/cau-thach-anh-hong-1756.html,thegioidaquy.net
59,cau thach anh hong 1757,Sản Phẩm Chi Tiết (Product Detail),https://thegioidaquy.net/phong-thuy/cau-thach-anh-hong-1757.html,thegioidaquy.net
60,cau thach anh khoi 1790,Sản Phẩm Chi Tiết (Product Detail),https://thegioidaquy.net/phong-thuy/cau-thach-anh-khoi-1790.html,thegioidaquy.net
61,cau thach anh khoi 1791,Sản Phẩm Chi Tiết (Product Detail),https://thegioidaquy.net/phong-thuy/cau-thach-anh-khoi-1791.html,thegioidaquy.net
62,cau thach anh khoi 1792,Sản Phẩm Chi Tiết (Product Detail),https://thegioidaquy.net/phong-thuy/cau-thach-anh-khoi-1792.html,thegioidaquy.net
63,cau thach anh tim 590,Sản Phẩm Chi Tiết (Product Detail),https://thegioidaquy.net/phong-thuy/cau-thach-anh-tim-590.html,thegioidaquy.net
64,cau thach anh vang 1789,Sản Phẩm Chi Tiết (Product Detail),https://thegioidaquy.net/phong-thuy/cau-thach-anh-vang-1789.html,thegioidaquy.net
65,cau thach anh xanh 1636,Sản Phẩm Chi Tiết (Product Detail),https://thegioidaquy.net/phong-thuy/cau-thach-anh-xanh-1636.html,thegioidaquy.net
66,cay phat tai thach anh tim 1573,Sản Phẩm Chi Tiết (Product Detail),https://thegioidaquy.net/phong-thuy/cay-phat-tai-thach-anh-tim-1573.html,thegioidaquy.net
67,coc ba chan cong bap cai 544,Sản Phẩm Chi Tiết (Product Detail),https://thegioidaquy.net/phong-thuy/coc-ba-chan-cong-bap-cai-544.html,thegioidaquy.net
68,Đá Garnet đỏ mài giác,Sản Phẩm Chi Tiết (Product Detail),https://thegioidaquy.net/phong-thuy/da-garnet-do-mai-giac-3320.html,thegioidaquy.net
69,"da ho phach, mat ho phach, trang suc ho phach, ban ho phach, mat nhan ho phach 1302",Sản Phẩm Chi Tiết (Product Detail),"https://thegioidaquy.net/phong-thuy/da-ho-phach,-mat-ho-phach,-trang-suc-ho-phach,-ban-ho-phach,-mat-nhan-ho-phach-1302.html",thegioidaquy.net
70,"da ho phach, mat ho phach, trang suc ho phach, ban ho phach, mat nhan ho phach 456",Sản Phẩm Chi Tiết (Product Detail),"https://thegioidaquy.net/phong-thuy/da-ho-phach,-mat-ho-phach,-trang-suc-ho-phach,-ban-ho-phach,-mat-nhan-ho-phach-456.html",thegioidaquy.net
71,"da ho phach, mat ho phach, trang suc ho phach, ban ho phach, mat nhan ho phach 457",Sản Phẩm Chi Tiết (Product Detail),"https://thegioidaquy.net/phong-thuy/da-ho-phach,-mat-ho-phach,-trang-suc-ho-phach,-ban-ho-phach,-mat-nhan-ho-phach-457.html",thegioidaquy.net
72,da ma nao phong thuy 1492,Sản Phẩm Chi Tiết (Product Detail),https://thegioidaquy.net/phong-thuy/da-ma-nao-phong-thuy-1492.html,thegioidaquy.net
73,da ma nao phong thuy 1495,Sản Phẩm Chi Tiết (Product Detail),https://thegioidaquy.net/phong-thuy/da-ma-nao-phong-thuy-1495.html,thegioidaquy.net
74,da phong thuy ma nao 1494,Sản Phẩm Chi Tiết (Product Detail),https://thegioidaquy.net/phong-thuy/da-phong-thuy-ma-nao-1494.html,thegioidaquy.net
75,da phongthuy 116 Da Ma Nao,Chuyên Mục Sản Phẩm (Product Category),https://thegioidaquy.net/phong-thuy/da-phongthuy-116-Da-Ma-Nao,thegioidaquy.net
76,Đá Mã Não (Agate),Chuyên Mục Sản Phẩm (Product Category),https://thegioidaquy.net/phong-thuy/da-phongthuy-116-Da-Ma-Nao-Agate-,thegioidaquy.net
77,2,Chuyên Mục Sản Phẩm (Product Category),https://thegioidaquy.net/phong-thuy/da-phongthuy-116-Da-Ma-Nao/page/2,thegioidaquy.net
78,3,Chuyên Mục Sản Phẩm (Product Category),https://thegioidaquy.net/phong-thuy/da-phongthuy-116-Da-Ma-Nao/page/3,thegioidaquy.net
79,da phongthuy 117 Da Cam Thach,Chuyên Mục Sản Phẩm (Product Category),https://thegioidaquy.net/phong-thuy/da-phongthuy-117-Da-Cam-Thach,thegioidaquy.net
80,Đá Cẩm Thạch (Ngọc Phỉ Thuý),Chuyên Mục Sản Phẩm (Product Category),https://thegioidaquy.net/phong-thuy/da-phongthuy-117-Da-Cam-Thach-Ngoc-Phi-Thuy-,thegioidaquy.net
81,10,Chuyên Mục Sản Phẩm (Product Category),https://thegioidaquy.net/phong-thuy/da-phongthuy-117-Da-Cam-Thach/page/10,thegioidaquy.net
82,16,Chuyên Mục Sản Phẩm (Product Category),https://thegioidaquy.net/phong-thuy/da-phongthuy-117-Da-Cam-Thach/page/16,thegioidaquy.net
83,17,Chuyên Mục Sản Phẩm (Product Category),https://thegioidaquy.net/phong-thuy/da-phongthuy-117-Da-Cam-Thach/page/17,thegioidaquy.net
84,2,Chuyên Mục Sản Phẩm (Product Category),https://thegioidaquy.net/phong-thuy/da-phongthuy-117-Da-Cam-Thach/page/2,thegioidaquy.net
85,3,Chuyên Mục Sản Phẩm (Product Category),https://thegioidaquy.net/phong-thuy/da-phongthuy-117-Da-Cam-Thach/page/3,thegioidaquy.net
86,4,Chuyên Mục Sản Phẩm (Product Category),https://thegioidaquy.net/phong-thuy/da-phongthuy-117-Da-Cam-Thach/page/4,thegioidaquy.net
87,5,Chuyên Mục Sản Phẩm (Product Category),https://thegioidaquy.net/phong-thuy/da-phongthuy-117-Da-Cam-Thach/page/5,thegioidaquy.net
88,6,Chuyên Mục Sản Phẩm (Product Category),https://thegioidaquy.net/phong-thuy/da-phongthuy-117-Da-Cam-Thach/page/6,thegioidaquy.net
89,7,Chuyên Mục Sản Phẩm (Product Category),https://thegioidaquy.net/phong-thuy/da-phongthuy-117-Da-Cam-Thach/page/7,thegioidaquy.net
90,8,Chuyên Mục Sản Phẩm (Product Category),https://thegioidaquy.net/phong-thuy/da-phongthuy-117-Da-Cam-Thach/page/8,thegioidaquy.net
91,9,Chuyên Mục Sản Phẩm (Product Category),https://thegioidaquy.net/phong-thuy/da-phongthuy-117-Da-Cam-Thach/page/9,thegioidaquy.net
92,da phongthuy 118 Da Mat Meo,Chuyên Mục Sản Phẩm (Product Category),https://thegioidaquy.net/phong-thuy/da-phongthuy-118-Da-Mat-Meo,thegioidaquy.net
93,Đá Mắt Mèo (Chrysoberyl),Chuyên Mục Sản Phẩm (Product Category),https://thegioidaquy.net/phong-thuy/da-phongthuy-118-Da-Mat-Meo-Chrysoberyl-,thegioidaquy.net
94,Trang chủ,Chuyên Mục Sản Phẩm (Product Category),https://thegioidaquy.net/phong-thuy/da-phongthuy-118-Da-Mat-Meo/attrfilter/15_77/,thegioidaquy.net
95,Trang chủ,Chuyên Mục Sản Phẩm (Product Category),https://thegioidaquy.net/phong-thuy/da-phongthuy-118-Da-Mat-Meo/attrfilter/26_84/,thegioidaquy.net
96,2,Chuyên Mục Sản Phẩm (Product Category),https://thegioidaquy.net/phong-thuy/da-phongthuy-118-Da-Mat-Meo/page/2,thegioidaquy.net
97,3,Chuyên Mục Sản Phẩm (Product Category),https://thegioidaquy.net/phong-thuy/da-phongthuy-118-Da-Mat-Meo/page/3,thegioidaquy.net
98,4,Chuyên Mục Sản Phẩm (Product Category),https://thegioidaquy.net/phong-thuy/da-phongthuy-118-Da-Mat-Meo/page/4,thegioidaquy.net
99,Đá Sapphire,Chuyên Mục Sản Phẩm (Product Category),https://thegioidaquy.net/phong-thuy/da-phongthuy-119-Da-Sapphire,thegioidaquy.net
100,Đá Ruby,Chuyên Mục Sản Phẩm (Product Category),https://thegioidaquy.net/phong-thuy/da-phongthuy-120-Da-Ruby,thegioidaquy.net
101,da phongthuy 121 Da Mat Trang,Chuyên Mục Sản Phẩm (Product Category),https://thegioidaquy.net/phong-thuy/da-phongthuy-121-Da-Mat-Trang,thegioidaquy.net
102,da phongthuy 124 Da Granat,Chuyên Mục Sản Phẩm (Product Category),https://thegioidaquy.net/phong-thuy/da-phongthuy-124-Da-Granat,thegioidaquy.net
103,Đá Granat (Ngọc Hồng Lựu),Chuyên Mục Sản Phẩm (Product Category),https://thegioidaquy.net/phong-thuy/da-phongthuy-124-Da-Granat-Ngoc-Hong-Luu-,thegioidaquy.net
104,da phongthuy 125 Da Rhodonite,Chuyên Mục Sản Phẩm (Product Category),https://thegioidaquy.net/phong-thuy/da-phongthuy-125-Da-Rhodonite,thegioidaquy.net
105,da phongthuy 126 Da Aquamarin,Chuyên Mục Sản Phẩm (Product Category),https://thegioidaquy.net/phong-thuy/da-phongthuy-126-Da-Aquamarin,thegioidaquy.net
106,Đá Agate,Chuyên Mục Sản Phẩm (Product Category),https://thegioidaquy.net/phong-thuy/da-phongthuy-127-Da-Agate,thegioidaquy.net
107,da phongthuy 131 Da Khac,Chuyên Mục Sản Phẩm (Product Category),https://thegioidaquy.net/phong-thuy/da-phongthuy-131-Da-Khac,thegioidaquy.net
108,10,Chuyên Mục Sản Phẩm (Product Category),https://thegioidaquy.net/phong-thuy/da-phongthuy-131-Da-Khac/page/10,thegioidaquy.net
109,2,Chuyên Mục Sản Phẩm (Product Category),https://thegioidaquy.net/phong-thuy/da-phongthuy-131-Da-Khac/page/2,thegioidaquy.net
110,3,Chuyên Mục Sản Phẩm (Product Category),https://thegioidaquy.net/phong-thuy/da-phongthuy-131-Da-Khac/page/3,thegioidaquy.net
111,4,Chuyên Mục Sản Phẩm (Product Category),https://thegioidaquy.net/phong-thuy/da-phongthuy-131-Da-Khac/page/4,thegioidaquy.net
112,5,Chuyên Mục Sản Phẩm (Product Category),https://thegioidaquy.net/phong-thuy/da-phongthuy-131-Da-Khac/page/5,thegioidaquy.net
113,6,Chuyên Mục Sản Phẩm (Product Category),https://thegioidaquy.net/phong-thuy/da-phongthuy-131-Da-Khac/page/6,thegioidaquy.net
114,7,Chuyên Mục Sản Phẩm (Product Category),https://thegioidaquy.net/phong-thuy/da-phongthuy-131-Da-Khac/page/7,thegioidaquy.net
115,8,Chuyên Mục Sản Phẩm (Product Category),https://thegioidaquy.net/phong-thuy/da-phongthuy-131-Da-Khac/page/8,thegioidaquy.net
116,9,Chuyên Mục Sản Phẩm (Product Category),https://thegioidaquy.net/phong-thuy/da-phongthuy-131-Da-Khac/page/9,thegioidaquy.net
117,Đá quý khác,Chuyên Mục Sản Phẩm (Product Category),https://thegioidaquy.net/phong-thuy/da-phongthuy-131-Da-quy-khac,thegioidaquy.net
118,da phongthuy 133 Thach Anh Hong,Chuyên Mục Sản Phẩm (Product Category),https://thegioidaquy.net/phong-thuy/da-phongthuy-133-Thach-Anh-Hong,thegioidaquy.net
119,Trang chủ,Chuyên Mục Sản Phẩm (Product Category),https://thegioidaquy.net/phong-thuy/da-phongthuy-133-Thach-Anh-Hong/,thegioidaquy.net
120,2,Chuyên Mục Sản Phẩm (Product Category),https://thegioidaquy.net/phong-thuy/da-phongthuy-133-Thach-Anh-Hong/page/2,thegioidaquy.net
121,3,Chuyên Mục Sản Phẩm (Product Category),https://thegioidaquy.net/phong-thuy/da-phongthuy-133-Thach-Anh-Hong/page/3,thegioidaquy.net
122,4,Chuyên Mục Sản Phẩm (Product Category),https://thegioidaquy.net/phong-thuy/da-phongthuy-133-Thach-Anh-Hong/page/4,thegioidaquy.net
123,5,Chuyên Mục Sản Phẩm (Product Category),https://thegioidaquy.net/phong-thuy/da-phongthuy-133-Thach-Anh-Hong/page/5,thegioidaquy.net
124,Trang chủ,Chuyên Mục Sản Phẩm (Product Category),https://thegioidaquy.net/phong-thuy/da-phongthuy-134-Thach-Anh-Vang/,thegioidaquy.net
125,Trang chủ,Chuyên Mục Sản Phẩm (Product Category),https://thegioidaquy.net/phong-thuy/da-phongthuy-135-Thach-Anh-Den/,thegioidaquy.net
126,Trang chủ,Chuyên Mục Sản Phẩm (Product Category),https://thegioidaquy.net/phong-thuy/da-phongthuy-136-Thach-Anh-Khoi/,thegioidaquy.net
127,Trang chủ,Chuyên Mục Sản Phẩm (Product Category),https://thegioidaquy.net/phong-thuy/da-phongthuy-137-Thach-Anh-Xanh/,thegioidaquy.net
128,Trang chủ,Chuyên Mục Sản Phẩm (Product Category),https://thegioidaquy.net/phong-thuy/da-phongthuy-138-Thach-Anh-Toc-Vang/,thegioidaquy.net
129,Trang chủ,Chuyên Mục Sản Phẩm (Product Category),https://thegioidaquy.net/phong-thuy/da-phongthuy-139-Thach-Anh-Trang/,thegioidaquy.net
130,Trang chủ,Chuyên Mục Sản Phẩm (Product Category),https://thegioidaquy.net/phong-thuy/da-phongthuy-140-Thach-Anh-Toc-Do/,thegioidaquy.net
131,Trang chủ,Chuyên Mục Sản Phẩm (Product Category),https://thegioidaquy.net/phong-thuy/da-phongthuy-141-Thach-Anh-Toc-Den/,thegioidaquy.net
132,Trang chủ,Chuyên Mục Sản Phẩm (Product Category),https://thegioidaquy.net/phong-thuy/da-phongthuy-142-Thach-Anh-Toc-Xanh/,thegioidaquy.net
133,Trang chủ,Chuyên Mục Sản Phẩm (Product Category),https://thegioidaquy.net/phong-thuy/da-phongthuy-143-Mat-Ho-Vang/,thegioidaquy.net
134,Trang chủ,Chuyên Mục Sản Phẩm (Product Category),https://thegioidaquy.net/phong-thuy/da-phongthuy-144-Mat-Ho-Do/,thegioidaquy.net
135,Trang chủ,Chuyên Mục Sản Phẩm (Product Category),https://thegioidaquy.net/phong-thuy/da-phongthuy-145-Mat-Ho-Xanh/,thegioidaquy.net
136,Trang chủ,Chuyên Mục Sản Phẩm (Product Category),https://thegioidaquy.net/phong-thuy/da-phongthuy-154-Cam-Thach-Trang/,thegioidaquy.net
137,Trang chủ,Chuyên Mục Sản Phẩm (Product Category),https://thegioidaquy.net/phong-thuy/da-phongthuy-156-Cam-Thach-Xanh/,thegioidaquy.net
138,Trang chủ,Chuyên Mục Sản Phẩm (Product Category),https://thegioidaquy.net/phong-thuy/da-phongthuy-159-Cam-Thach-Do/,thegioidaquy.net
139,Trang chủ,Chuyên Mục Sản Phẩm (Product Category),https://thegioidaquy.net/phong-thuy/da-phongthuy-160-Cam-Thach-Ngu-Sac/,thegioidaquy.net
140,Trang chủ,Chuyên Mục Sản Phẩm (Product Category),https://thegioidaquy.net/phong-thuy/da-phongthuy-161-Cam-Thach-Vang/,thegioidaquy.net
141,Trang chủ,Chuyên Mục Sản Phẩm (Product Category),https://thegioidaquy.net/phong-thuy/da-phongthuy-162-Cam-Thach-Tim/,thegioidaquy.net
142,Trang chủ,Chuyên Mục Sản Phẩm (Product Category),https://thegioidaquy.net/phong-thuy/da-phongthuy-202-Da-Kim-Sa/,thegioidaquy.net
143,Trang chủ,Chuyên Mục Sản Phẩm (Product Category),https://thegioidaquy.net/phong-thuy/da-phongthuy-203-Da-Dot/,thegioidaquy.net
144,Trang chủ,Chuyên Mục Sản Phẩm (Product Category),https://thegioidaquy.net/phong-thuy/da-phongthuy-204-Da-Da-Nang/,thegioidaquy.net
145,Trang chủ,Chuyên Mục Sản Phẩm (Product Category),https://thegioidaquy.net/phong-thuy/da-phongthuy-205-Da-Mable/,thegioidaquy.net
146,Trang chủ,Chuyên Mục Sản Phẩm (Product Category),https://thegioidaquy.net/phong-thuy/da-phongthuy-206-Da-Diep-Thach/,thegioidaquy.net
147,Ngọc Đông Linh,Chuyên Mục Sản Phẩm (Product Category),https://thegioidaquy.net/phong-thuy/da-phongthuy-206-Ngoc-Dong-Linh,thegioidaquy.net
148,Trang chủ,Chuyên Mục Sản Phẩm (Product Category),https://thegioidaquy.net/phong-thuy/da-phongthuy-207-Da-Huyet-Thach/,thegioidaquy.net
149,Trang chủ,Chuyên Mục Sản Phẩm (Product Category),https://thegioidaquy.net/phong-thuy/da-phongthuy-208-Da-Ngoc/,thegioidaquy.net
150,Trang chủ,Chuyên Mục Sản Phẩm (Product Category),https://thegioidaquy.net/phong-thuy/da-phongthuy-209-Lu-NhangTram/,thegioidaquy.net
151,Trang chủ,Chuyên Mục Sản Phẩm (Product Category),https://thegioidaquy.net/phong-thuy/da-phongthuy-210-Nhang-Tram/,thegioidaquy.net
152,Trang chủ,Chuyên Mục Sản Phẩm (Product Category),https://thegioidaquy.net/phong-thuy/da-phongthuy-211-Tuong-duc-Phat-/,thegioidaquy.net
153,da phongthuy 214 Vat Pham Khac,Chuyên Mục Sản Phẩm (Product Category),https://thegioidaquy.net/phong-thuy/da-phongthuy-214-Vat-Pham-Khac,thegioidaquy.net
154,2,Chuyên Mục Sản Phẩm (Product Category),https://thegioidaquy.net/phong-thuy/da-phongthuy-214-Vat-Pham-Khac/page/2,thegioidaquy.net
155,3,Chuyên Mục Sản Phẩm (Product Category),https://thegioidaquy.net/phong-thuy/da-phongthuy-214-Vat-Pham-Khac/page/3,thegioidaquy.net
156,4,Chuyên Mục Sản Phẩm (Product Category),https://thegioidaquy.net/phong-thuy/da-phongthuy-214-Vat-Pham-Khac/page/4,thegioidaquy.net
157,5,Chuyên Mục Sản Phẩm (Product Category),https://thegioidaquy.net/phong-thuy/da-phongthuy-214-Vat-Pham-Khac/page/5,thegioidaquy.net
158,6,Chuyên Mục Sản Phẩm (Product Category),https://thegioidaquy.net/phong-thuy/da-phongthuy-214-Vat-Pham-Khac/page/6,thegioidaquy.net
159,7,Chuyên Mục Sản Phẩm (Product Category),https://thegioidaquy.net/phong-thuy/da-phongthuy-214-Vat-Pham-Khac/page/7,thegioidaquy.net
160,Vật phẩm khác,Chuyên Mục Sản Phẩm (Product Category),https://thegioidaquy.net/phong-thuy/da-phongthuy-214-Vat-pham-khac,thegioidaquy.net
161,Trang chủ,Chuyên Mục Sản Phẩm (Product Category),https://thegioidaquy.net/phong-thuy/da-phongthuy-215-Tranh-3D-phong-thuy/,thegioidaquy.net
162,Trang chủ,Chuyên Mục Sản Phẩm (Product Category),https://thegioidaquy.net/phong-thuy/da-phongthuy-216-Phong-Linh/,thegioidaquy.net
163,Trang chủ,Chuyên Mục Sản Phẩm (Product Category),https://thegioidaquy.net/phong-thuy/da-phongthuy-217-Day-Treo-Xe/,thegioidaquy.net
164,Trang chủ,Chuyên Mục Sản Phẩm (Product Category),https://thegioidaquy.net/phong-thuy/da-phongthuy-218-Day-Treo-Dien-Thoai/,thegioidaquy.net
165,Trang chủ,Chuyên Mục Sản Phẩm (Product Category),https://thegioidaquy.net/phong-thuy/da-phongthuy-220-Chuong-Gio/,thegioidaquy.net
166,Trang chủ,Chuyên Mục Sản Phẩm (Product Category),https://thegioidaquy.net/phong-thuy/da-phongthuy-221-Bua-Binh-An/,thegioidaquy.net
167,Trang chủ,Chuyên Mục Sản Phẩm (Product Category),https://thegioidaquy.net/phong-thuy/da-phongthuy-222-Da-Thien-Chau/,thegioidaquy.net
168,da phongthuy 223 Da Ho Phach,Chuyên Mục Sản Phẩm (Product Category),https://thegioidaquy.net/phong-thuy/da-phongthuy-223-Da-Ho-Phach,thegioidaquy.net
169,Trang chủ,Chuyên Mục Sản Phẩm (Product Category),https://thegioidaquy.net/phong-thuy/da-phongthuy-224-Tien-co-hoa-sat/,thegioidaquy.net
170,Đá Phật Sơn (Đá Hắc Ngà),Chuyên Mục Sản Phẩm (Product Category),https://thegioidaquy.net/phong-thuy/da-phongthuy-225-Da-Phat-Son-Da-Hac-Nga-,thegioidaquy.net
171,Trang chủ,Chuyên Mục Sản Phẩm (Product Category),https://thegioidaquy.net/phong-thuy/da-phongthuy-225-Da-den-Phat-Son/,thegioidaquy.net
172,Trang chủ,Chuyên Mục Sản Phẩm (Product Category),https://thegioidaquy.net/phong-thuy/da-phongthuy-226-Da-Luu-Ly/,thegioidaquy.net
173,Đá Thạch Anh,Chuyên Mục Sản Phẩm (Product Category),https://thegioidaquy.net/phong-thuy/da-phongthuy-23-Da-Thach-Anh,thegioidaquy.net
174,Trang chủ,Chuyên Mục Sản Phẩm (Product Category),https://thegioidaquy.net/phong-thuy/da-phongthuy-23-Da-Thach-Anh/,thegioidaquy.net
175,10,Chuyên Mục Sản Phẩm (Product Category),https://thegioidaquy.net/phong-thuy/da-phongthuy-23-Da-Thach-Anh/page/10,thegioidaquy.net
176,2,Chuyên Mục Sản Phẩm (Product Category),https://thegioidaquy.net/phong-thuy/da-phongthuy-23-Da-Thach-Anh/page/2,thegioidaquy.net
177,20,Chuyên Mục Sản Phẩm (Product Category),https://thegioidaquy.net/phong-thuy/da-phongthuy-23-Da-Thach-Anh/page/20,thegioidaquy.net
178,21,Chuyên Mục Sản Phẩm (Product Category),https://thegioidaquy.net/phong-thuy/da-phongthuy-23-Da-Thach-Anh/page/21,thegioidaquy.net
179,3,Chuyên Mục Sản Phẩm (Product Category),https://thegioidaquy.net/phong-thuy/da-phongthuy-23-Da-Thach-Anh/page/3,thegioidaquy.net
180,4,Chuyên Mục Sản Phẩm (Product Category),https://thegioidaquy.net/phong-thuy/da-phongthuy-23-Da-Thach-Anh/page/4,thegioidaquy.net
181,5,Chuyên Mục Sản Phẩm (Product Category),https://thegioidaquy.net/phong-thuy/da-phongthuy-23-Da-Thach-Anh/page/5,thegioidaquy.net
182,6,Chuyên Mục Sản Phẩm (Product Category),https://thegioidaquy.net/phong-thuy/da-phongthuy-23-Da-Thach-Anh/page/6,thegioidaquy.net
183,7,Chuyên Mục Sản Phẩm (Product Category),https://thegioidaquy.net/phong-thuy/da-phongthuy-23-Da-Thach-Anh/page/7,thegioidaquy.net
184,8,Chuyên Mục Sản Phẩm (Product Category),https://thegioidaquy.net/phong-thuy/da-phongthuy-23-Da-Thach-Anh/page/8,thegioidaquy.net
185,9,Chuyên Mục Sản Phẩm (Product Category),https://thegioidaquy.net/phong-thuy/da-phongthuy-23-Da-Thach-Anh/page/9,thegioidaquy.net
186,Trang chủ,Chuyên Mục Sản Phẩm (Product Category),https://thegioidaquy.net/phong-thuy/da-phongthuy-230-La-Ban/,thegioidaquy.net
187,Trang chủ,Chuyên Mục Sản Phẩm (Product Category),https://thegioidaquy.net/phong-thuy/da-phongthuy-231-Da-Pha-Le/,thegioidaquy.net
188,Đá Lapis Lazuli,Chuyên Mục Sản Phẩm (Product Category),https://thegioidaquy.net/phong-thuy/da-phongthuy-232-Da-Lapis-Lazuli,thegioidaquy.net
189,Trang chủ,Chuyên Mục Sản Phẩm (Product Category),https://thegioidaquy.net/phong-thuy/da-phongthuy-233-Cam-Thach-Son-Thuy/,thegioidaquy.net
190,Đá Ngọc Lam (Turquoise),Chuyên Mục Sản Phẩm (Product Category),https://thegioidaquy.net/phong-thuy/da-phongthuy-234-Da-Ngoc-Lam-Turquoise-,thegioidaquy.net
191,da phongthuy 234 Da Turquoise,Chuyên Mục Sản Phẩm (Product Category),https://thegioidaquy.net/phong-thuy/da-phongthuy-234-Da-Turquoise,thegioidaquy.net
192,Đá Xà Cừ ( Labradorite),Chuyên Mục Sản Phẩm (Product Category),https://thegioidaquy.net/phong-thuy/da-phongthuy-235-Da-Xa-Cu-Labradorite-,thegioidaquy.net
193,Trang chủ,Chuyên Mục Sản Phẩm (Product Category),https://thegioidaquy.net/phong-thuy/da-phongthuy-235-Da-Xa-Cu/,thegioidaquy.net
194,da phongthuy 236 Go hoa thach,Chuyên Mục Sản Phẩm (Product Category),https://thegioidaquy.net/phong-thuy/da-phongthuy-236-Go-hoa-thach,thegioidaquy.net
195,Gỗ hoá thạch (Fossil wood),Chuyên Mục Sản Phẩm (Product Category),https://thegioidaquy.net/phong-thuy/da-phongthuy-236-Go-hoa-thach-Fossil-wood-,thegioidaquy.net
196,2,Chuyên Mục Sản Phẩm (Product Category),https://thegioidaquy.net/phong-thuy/da-phongthuy-236-Go-hoa-thach/page/2,thegioidaquy.net
197,Ốc Anh Vũ hoá thạch,Chuyên Mục Sản Phẩm (Product Category),https://thegioidaquy.net/phong-thuy/da-phongthuy-237-Oc-Anh-Vu-hoa-thach,thegioidaquy.net
198,Trang chủ,Chuyên Mục Sản Phẩm (Product Category),https://thegioidaquy.net/phong-thuy/da-phongthuy-237-Oc-Anh-Vu-hoa-thach/,thegioidaquy.net
199,Trang chủ,Chuyên Mục Sản Phẩm (Product Category),https://thegioidaquy.net/phong-thuy/da-phongthuy-238-Thach-Anh-Do/,thegioidaquy.net
200,Đá Thiên Thạch (Tektite),Chuyên Mục Sản Phẩm (Product Category),https://thegioidaquy.net/phong-thuy/da-phongthuy-239-Da-Thien-Thach-Tektite-,thegioidaquy.net
201,Trang chủ,Chuyên Mục Sản Phẩm (Product Category),https://thegioidaquy.net/phong-thuy/da-phongthuy-239-Da-Thien-Thach/,thegioidaquy.net
202,da phongthuy 24 Da Mat Ho,Chuyên Mục Sản Phẩm (Product Category),https://thegioidaquy.net/phong-thuy/da-phongthuy-24-Da-Mat-Ho,thegioidaquy.net
203,Đá Mắt Hổ (Tiger eyes),Chuyên Mục Sản Phẩm (Product Category),https://thegioidaquy.net/phong-thuy/da-phongthuy-24-Da-Mat-Ho-Tiger-eyes-,thegioidaquy.net
204,2,Chuyên Mục Sản Phẩm (Product Category),https://thegioidaquy.net/phong-thuy/da-phongthuy-24-Da-Mat-Ho/page/2,thegioidaquy.net
205,3,Chuyên Mục Sản Phẩm (Product Category),https://thegioidaquy.net/phong-thuy/da-phongthuy-24-Da-Mat-Ho/page/3,thegioidaquy.net
206,4,Chuyên Mục Sản Phẩm (Product Category),https://thegioidaquy.net/phong-thuy/da-phongthuy-24-Da-Mat-Ho/page/4,thegioidaquy.net
207,5,Chuyên Mục Sản Phẩm (Product Category),https://thegioidaquy.net/phong-thuy/da-phongthuy-24-Da-Mat-Ho/page/5,thegioidaquy.net
208,6,Chuyên Mục Sản Phẩm (Product Category),https://thegioidaquy.net/phong-thuy/da-phongthuy-24-Da-Mat-Ho/page/6,thegioidaquy.net
209,7,Chuyên Mục Sản Phẩm (Product Category),https://thegioidaquy.net/phong-thuy/da-phongthuy-24-Da-Mat-Ho/page/7,thegioidaquy.net
210,Đá Sugilite,Chuyên Mục Sản Phẩm (Product Category),https://thegioidaquy.net/phong-thuy/da-phongthuy-240-Da-Sugilite,thegioidaquy.net
211,da phongthuy 241 Da Malachit,Chuyên Mục Sản Phẩm (Product Category),https://thegioidaquy.net/phong-thuy/da-phongthuy-241-Da-Malachit,thegioidaquy.net
212,Bột Đá,Chuyên Mục Sản Phẩm (Product Category),https://thegioidaquy.net/phong-thuy/da-phongthuy-242-Bot-Da,thegioidaquy.net
213,Trang chủ,Chuyên Mục Sản Phẩm (Product Category),https://thegioidaquy.net/phong-thuy/da-phongthuy-242-Bot-Da/,thegioidaquy.net
214,Trang chủ,Chuyên Mục Sản Phẩm (Product Category),https://thegioidaquy.net/phong-thuy/da-phongthuy-243-Da-Phat-Ngoc/,thegioidaquy.net
215,Trang chủ,Chuyên Mục Sản Phẩm (Product Category),https://thegioidaquy.net/phong-thuy/da-phongthuy-244-Da-Florit/,thegioidaquy.net
216,da phongthuy 245 Da phong thuy,Chuyên Mục Sản Phẩm (Product Category),https://thegioidaquy.net/phong-thuy/da-phongthuy-245-Da-phong-thuy,thegioidaquy.net
217,Vật phẩm phong thủy,Chuyên Mục Sản Phẩm (Product Category),https://thegioidaquy.net/phong-thuy/da-phongthuy-245-Vat-pham-phong-thuy,thegioidaquy.net
218,Trang chủ,Chuyên Mục Sản Phẩm (Product Category),https://thegioidaquy.net/phong-thuy/da-phongthuy-246-Da-do/,thegioidaquy.net
219,Đá Tourmaline,Chuyên Mục Sản Phẩm (Product Category),https://thegioidaquy.net/phong-thuy/da-phongthuy-247-Da-Tourmaline,thegioidaquy.net
220,Trang chủ,Chuyên Mục Sản Phẩm (Product Category),https://thegioidaquy.net/phong-thuy/da-phongthuy-248-Da-Bo-Ket/,thegioidaquy.net
221,Trang chủ,Chuyên Mục Sản Phẩm (Product Category),https://thegioidaquy.net/phong-thuy/da-phongthuy-249-Da-Chacedol/,thegioidaquy.net
222,Trang chủ,Chuyên Mục Sản Phẩm (Product Category),https://thegioidaquy.net/phong-thuy/da-phongthuy-250-Da-Ma-Nao/,thegioidaquy.net
223,Trang chủ,Chuyên Mục Sản Phẩm (Product Category),https://thegioidaquy.net/phong-thuy/da-phongthuy-251-Da-thach-anh/,thegioidaquy.net
224,Trang chủ,Chuyên Mục Sản Phẩm (Product Category),https://thegioidaquy.net/phong-thuy/da-phongthuy-252-Go-hoa-thach/,thegioidaquy.net
225,Trang chủ,Chuyên Mục Sản Phẩm (Product Category),https://thegioidaquy.net/phong-thuy/da-phongthuy-253-Da-San-ho/,thegioidaquy.net
226,Trang chủ,Chuyên Mục Sản Phẩm (Product Category),https://thegioidaquy.net/phong-thuy/da-phongthuy-254-Da-Long-cong/,thegioidaquy.net
227,Trang chủ,Chuyên Mục Sản Phẩm (Product Category),https://thegioidaquy.net/phong-thuy/da-phongthuy-255-Ngoc-hong-luu/,thegioidaquy.net
228,Ngọc bích Nephrite,Chuyên Mục Sản Phẩm (Product Category),https://thegioidaquy.net/phong-thuy/da-phongthuy-260-Ngoc-bich-Nephrite,thegioidaquy.net
229,Vòng tay đá,Chuyên Mục Sản Phẩm (Product Category),https://thegioidaquy.net/phong-thuy/da-phongthuy-261-Vong-tay-da,thegioidaquy.net
230,Dây chuyền đá,Chuyên Mục Sản Phẩm (Product Category),https://thegioidaquy.net/phong-thuy/da-phongthuy-262-Day-chuyen-da,thegioidaquy.net
231,Nhẫn bạc-Nhẫn đá-Mặt Nhẫn,Chuyên Mục Sản Phẩm (Product Category),https://thegioidaquy.net/phong-thuy/da-phongthuy-263-Nhan-bac-Nhan-da-Mat-Nhan,thegioidaquy.net
232,Mặt dây chuyền đá,Chuyên Mục Sản Phẩm (Product Category),https://thegioidaquy.net/phong-thuy/da-phongthuy-264-Mat-day-chuyen-da,thegioidaquy.net
233,Linh vật phong thuỷ,Chuyên Mục Sản Phẩm (Product Category),https://thegioidaquy.net/phong-thuy/da-phongthuy-265-Linh-vat-phong-thuy,thegioidaquy.net
234,Khuyến Mãi,Chuyên Mục Sản Phẩm (Product Category),https://thegioidaquy.net/phong-thuy/da-phongthuy-276-Khuyen-Mai,thegioidaquy.net
235,Hàng mới,Chuyên Mục Sản Phẩm (Product Category),https://thegioidaquy.net/phong-thuy/da-phongthuy-290-Hang-moi,thegioidaquy.net
236,Mặt Phật bằng đá,Chuyên Mục Sản Phẩm (Product Category),https://thegioidaquy.net/phong-thuy/da-phongthuy-291-Mat-Phat-bang-da,thegioidaquy.net
237,Dây Chuỗi bằng đá,Chuyên Mục Sản Phẩm (Product Category),https://thegioidaquy.net/phong-thuy/da-phongthuy-294-Day-Chuoi-bang-da,thegioidaquy.net
238,Quan Công phong thuỷ,Chuyên Mục Sản Phẩm (Product Category),https://thegioidaquy.net/phong-thuy/da-phongthuy-299-Quan-Cong-phong-thuy,thegioidaquy.net
239,Đá Pyrit-Vàng Găm,Chuyên Mục Sản Phẩm (Product Category),https://thegioidaquy.net/phong-thuy/da-phongthuy-301-Da-Pyrit-Vang-Gam,thegioidaquy.net
240,Tranh phong thuỷ,Chuyên Mục Sản Phẩm (Product Category),https://thegioidaquy.net/phong-thuy/da-phongthuy-302-Tranh-phong-thuy,thegioidaquy.net
241,Phật bản mệnh,Chuyên Mục Sản Phẩm (Product Category),https://thegioidaquy.net/phong-thuy/da-phongthuy-303-Phat-ban-menh,thegioidaquy.net
242,Obsidian( Đá Thuỷ tinh núi lửa),Chuyên Mục Sản Phẩm (Product Category),https://thegioidaquy.net/phong-thuy/da-phongthuy-304-Obsidian-Da-Thuy-tinh-nui-lua-,thegioidaquy.net
243,Đá Thô bán Kg,Chuyên Mục Sản Phẩm (Product Category),https://thegioidaquy.net/phong-thuy/da-phongthuy-308-Da-Tho-ban-Kg,thegioidaquy.net
244,Trang sức đá cho đạo Chúa,Chuyên Mục Sản Phẩm (Product Category),https://thegioidaquy.net/phong-thuy/da-phongthuy-309-Trang-suc-da-cho-dao-Chua,thegioidaquy.net
245,Đá Serpentine ( ngọc Secpentine ),Chuyên Mục Sản Phẩm (Product Category),https://thegioidaquy.net/phong-thuy/da-phongthuy-310-Da-Serpentine-ngoc-Secpentine-,thegioidaquy.net
246,da phongthuy 36 Thach Anh Tim,Chuyên Mục Sản Phẩm (Product Category),https://thegioidaquy.net/phong-thuy/da-phongthuy-36-Thach-Anh-Tim,thegioidaquy.net
247,Trang chủ,Chuyên Mục Sản Phẩm (Product Category),https://thegioidaquy.net/phong-thuy/da-phongthuy-36-Thach-Anh-Tim/,thegioidaquy.net
248,2,Chuyên Mục Sản Phẩm (Product Category),https://thegioidaquy.net/phong-thuy/da-phongthuy-36-Thach-Anh-Tim/page/2,thegioidaquy.net
249,3,Chuyên Mục Sản Phẩm (Product Category),https://thegioidaquy.net/phong-thuy/da-phongthuy-36-Thach-Anh-Tim/page/3,thegioidaquy.net
250,4,Chuyên Mục Sản Phẩm (Product Category),https://thegioidaquy.net/phong-thuy/da-phongthuy-36-Thach-Anh-Tim/page/4,thegioidaquy.net
251,5,Chuyên Mục Sản Phẩm (Product Category),https://thegioidaquy.net/phong-thuy/da-phongthuy-36-Thach-Anh-Tim/page/5,thegioidaquy.net
252,6,Chuyên Mục Sản Phẩm (Product Category),https://thegioidaquy.net/phong-thuy/da-phongthuy-36-Thach-Anh-Tim/page/6,thegioidaquy.net
253,da phongthuy 62 Da Chacedol,Chuyên Mục Sản Phẩm (Product Category),https://thegioidaquy.net/phong-thuy/da-phongthuy-62-Da-Chacedol,thegioidaquy.net
254,2,Chuyên Mục Sản Phẩm (Product Category),https://thegioidaquy.net/phong-thuy/da-phongthuy-62-Da-Chacedol/page/2,thegioidaquy.net
255,3,Chuyên Mục Sản Phẩm (Product Category),https://thegioidaquy.net/phong-thuy/da-phongthuy-62-Da-Chacedol/page/3,thegioidaquy.net
256,Đá Chalcedony (Canxedon),Chuyên Mục Sản Phẩm (Product Category),https://thegioidaquy.net/phong-thuy/da-phongthuy-62-Da-Chalcedony-Canxedon-,thegioidaquy.net
257,Đá ruby sao thiên nhiên,Sản Phẩm Chi Tiết (Product Detail),https://thegioidaquy.net/phong-thuy/da-ruby-sao-thien-nhien-3322.html,thegioidaquy.net
258,dat treo xe ty huu 1474,Sản Phẩm Chi Tiết (Product Detail),https://thegioidaquy.net/phong-thuy/dat-treo-xe-ty-huu-1474.html,thegioidaquy.net
259,Đầu Rồng đá mắt hổ vàng,Sản Phẩm Chi Tiết (Product Detail),https://thegioidaquy.net/phong-thuy/dau-rong-da-mat-ho-vang-3343.html,thegioidaquy.net
260,day chuyen cam thach 1783,Sản Phẩm Chi Tiết (Product Detail),https://thegioidaquy.net/phong-thuy/day-chuyen-cam-thach-1783.html,thegioidaquy.net
261,day chuyen da granat 1190,Sản Phẩm Chi Tiết (Product Detail),https://thegioidaquy.net/phong-thuy/day-chuyen-da-granat-1190.html,thegioidaquy.net
262,day chuyen da granat 1754,Sản Phẩm Chi Tiết (Product Detail),https://thegioidaquy.net/phong-thuy/day-chuyen-da-granat-1754.html,thegioidaquy.net
263,day chuyen da granat kieu 436,Sản Phẩm Chi Tiết (Product Detail),https://thegioidaquy.net/phong-thuy/day-chuyen-da-granat-kieu-436.html,thegioidaquy.net
264,day chuyen da granat la 429,Sản Phẩm Chi Tiết (Product Detail),https://thegioidaquy.net/phong-thuy/day-chuyen-da-granat-la-429.html,thegioidaquy.net
265,day chuyen da granat vun 430,Sản Phẩm Chi Tiết (Product Detail),https://thegioidaquy.net/phong-thuy/day-chuyen-da-granat-vun-430.html,thegioidaquy.net
266,day chuyen da lapis lazuli 1799,Sản Phẩm Chi Tiết (Product Detail),https://thegioidaquy.net/phong-thuy/day-chuyen-da-lapis-lazuli-1799.html,thegioidaquy.net
267,day chuyen da san ho 1725,Sản Phẩm Chi Tiết (Product Detail),https://thegioidaquy.net/phong-thuy/day-chuyen-da-san-ho-1725.html,thegioidaquy.net
268,day chuyen dong tien da ngoc 1774,Sản Phẩm Chi Tiết (Product Detail),https://thegioidaquy.net/phong-thuy/day-chuyen-dong-tien-da-ngoc-1774.html,thegioidaquy.net
269,day chuyen thach anh khoi 1782,Sản Phẩm Chi Tiết (Product Detail),https://thegioidaquy.net/phong-thuy/day-chuyen-thach-anh-khoi-1782.html,thegioidaquy.net
270,day chuyen thach anh tim 1543,Sản Phẩm Chi Tiết (Product Detail),https://thegioidaquy.net/phong-thuy/day-chuyen-thach-anh-tim-1543.html,thegioidaquy.net
271,day chuyen thach anh tim 1627,Sản Phẩm Chi Tiết (Product Detail),https://thegioidaquy.net/phong-thuy/day-chuyen-thach-anh-tim-1627.html,thegioidaquy.net
272,day chuyen thach anh tim 1784,Sản Phẩm Chi Tiết (Product Detail),https://thegioidaquy.net/phong-thuy/day-chuyen-thach-anh-tim-1784.html,thegioidaquy.net
273,day tien hoa mai 1472,Sản Phẩm Chi Tiết (Product Detail),https://thegioidaquy.net/phong-thuy/day-tien-hoa-mai-1472.html,thegioidaquy.net
274,day treo ba tien 1470,Sản Phẩm Chi Tiết (Product Detail),https://thegioidaquy.net/phong-thuy/day-treo-ba-tien-1470.html,thegioidaquy.net
275,day treo ba tien 1471,Sản Phẩm Chi Tiết (Product Detail),https://thegioidaquy.net/phong-thuy/day-treo-ba-tien-1471.html,thegioidaquy.net
276,day treo di lac da ma nao 1683,Sản Phẩm Chi Tiết (Product Detail),https://thegioidaquy.net/phong-thuy/day-treo-di-lac-da-ma-nao-1683.html,thegioidaquy.net
277,"day treo dien thoai, day treo trai dau da cam thach, trai dau da cam thach, vat pham phong thuy cau danh thi cu do dat 1477",Sản Phẩm Chi Tiết (Product Detail),"https://thegioidaquy.net/phong-thuy/day-treo-dien-thoai,-day-treo-trai-dau-da-cam-thach,-trai-dau-da-cam-thach,-vat-pham-phong-thuy-cau-danh-thi-cu-do-dat-1477.html",thegioidaquy.net
278,"day treo gay nhu y, gay nhu y da cam thach, gay nhu y, vat pham phong thuy cau nhu y thuan loi 1478",Sản Phẩm Chi Tiết (Product Detail),"https://thegioidaquy.net/phong-thuy/day-treo-gay-nhu-y,-gay-nhu-y-da-cam-thach,-gay-nhu-y,-vat-pham-phong-thuy-cau-nhu-y-thuan-loi-1478.html",thegioidaquy.net
279,day treo may man tui treo may man 1552,Sản Phẩm Chi Tiết (Product Detail),https://thegioidaquy.net/phong-thuy/day-treo-may-man-tui-treo-may-man-1552.html,thegioidaquy.net
280,day treo phat ngan tay cam thach 1681,Sản Phẩm Chi Tiết (Product Detail),https://thegioidaquy.net/phong-thuy/day-treo-phat-ngan-tay-cam-thach-1681.html,thegioidaquy.net
281,day treo quan am cam thach 1682,Sản Phẩm Chi Tiết (Product Detail),https://thegioidaquy.net/phong-thuy/day-treo-quan-am-cam-thach-1682.html,thegioidaquy.net
282,day ty huu thach anh hong 1515,Sản Phẩm Chi Tiết (Product Detail),https://thegioidaquy.net/phong-thuy/day-ty-huu-thach-anh-hong-1515.html,thegioidaquy.net
283,day ty huu thach anh hong 1708,Sản Phẩm Chi Tiết (Product Detail),https://thegioidaquy.net/phong-thuy/day-ty-huu-thach-anh-hong-1708.html,thegioidaquy.net
284,doi uyen uong 1822,Sản Phẩm Chi Tiết (Product Detail),https://thegioidaquy.net/phong-thuy/doi-uyen-uong-1822.html,thegioidaquy.net
285,doi uyen uong 609,Sản Phẩm Chi Tiết (Product Detail),https://thegioidaquy.net/phong-thuy/doi-uyen-uong-609.html,thegioidaquy.net
286,Đôi uyên ương thạch anh hồng nhỏ,Sản Phẩm Chi Tiết (Product Detail),https://thegioidaquy.net/phong-thuy/doi-uyen-uong-thach-anh-hong-nho-2659.html,thegioidaquy.net
287,go hoa ngoc 1493,Sản Phẩm Chi Tiết (Product Detail),https://thegioidaquy.net/phong-thuy/go-hoa-ngoc-1493.html,thegioidaquy.net
288,Gỗ hoá thạch gỗ hoá đá bán giá rẻ,Sản Phẩm Chi Tiết (Product Detail),https://thegioidaquy.net/phong-thuy/go-hoa-thach-go-hoa-da-ban-gia-re-3324.html,thegioidaquy.net
289,Hồ ly đá ngọc bích,Sản Phẩm Chi Tiết (Product Detail),https://thegioidaquy.net/phong-thuy/ho-ly-da-ngoc-bich-3335.html,thegioidaquy.net
290,kieng tay da mat ho 380,Sản Phẩm Chi Tiết (Product Detail),https://thegioidaquy.net/phong-thuy/kieng-tay-da-mat-ho-380.html,thegioidaquy.net
291,Kim Tự Tháp thạch anh trắng,Sản Phẩm Chi Tiết (Product Detail),https://thegioidaquy.net/phong-thuy/kim-tu-thap-thach-anh-trang-1601.html,thegioidaquy.net
292,Lắc tay đá Lapis lazuli 10 ly,Sản Phẩm Chi Tiết (Product Detail),https://thegioidaquy.net/phong-thuy/lac-tay-da-lapis-lazuli-10-ly-3268.html,thegioidaquy.net
293,long quy 1468,Sản Phẩm Chi Tiết (Product Detail),https://thegioidaquy.net/phong-thuy/long-quy-1468.html,thegioidaquy.net
294,long quy da den 1693,Sản Phẩm Chi Tiết (Product Detail),https://thegioidaquy.net/phong-thuy/long-quy-da-den-1693.html,thegioidaquy.net
295,Mai Hoa Kim Tiền,Sản Phẩm Chi Tiết (Product Detail),https://thegioidaquy.net/phong-thuy/mai-hoa-kim-tien-455.html,thegioidaquy.net
296,Mặt Quan Âm Đồng Tử Chalcedony đỏ dầy,Sản Phẩm Chi Tiết (Product Detail),https://thegioidaquy.net/phong-thuy/mat-Quan-Am-Dong-Tu-Chalcedony-do-day-2852.html,thegioidaquy.net
297,mat cam thach con cho 1801,Sản Phẩm Chi Tiết (Product Detail),https://thegioidaquy.net/phong-thuy/mat-cam-thach-con-cho-1801.html,thegioidaquy.net
298,mat cam thach con chuot 1802,Sản Phẩm Chi Tiết (Product Detail),https://thegioidaquy.net/phong-thuy/mat-cam-thach-con-chuot-1802.html,thegioidaquy.net
299,mat cam thach con de 1803,Sản Phẩm Chi Tiết (Product Detail),https://thegioidaquy.net/phong-thuy/mat-cam-thach-con-de-1803.html,thegioidaquy.net
300,mat cam thach con ga 1804,Sản Phẩm Chi Tiết (Product Detail),https://thegioidaquy.net/phong-thuy/mat-cam-thach-con-ga-1804.html,thegioidaquy.net
301,mat cam thach con heo 1805,Sản Phẩm Chi Tiết (Product Detail),https://thegioidaquy.net/phong-thuy/mat-cam-thach-con-heo-1805.html,thegioidaquy.net
302,mat cam thach con khi 1806,Sản Phẩm Chi Tiết (Product Detail),https://thegioidaquy.net/phong-thuy/mat-cam-thach-con-khi-1806.html,thegioidaquy.net
303,mat cam thach con ngua 1807,Sản Phẩm Chi Tiết (Product Detail),https://thegioidaquy.net/phong-thuy/mat-cam-thach-con-ngua-1807.html,thegioidaquy.net
304,mat cam thach con rong 1808,Sản Phẩm Chi Tiết (Product Detail),https://thegioidaquy.net/phong-thuy/mat-cam-thach-con-rong-1808.html,thegioidaquy.net
305,mat cam thach con tho 1809,Sản Phẩm Chi Tiết (Product Detail),https://thegioidaquy.net/phong-thuy/mat-cam-thach-con-tho-1809.html,thegioidaquy.net
306,mat cam thach con trau 1810,Sản Phẩm Chi Tiết (Product Detail),https://thegioidaquy.net/phong-thuy/mat-cam-thach-con-trau-1810.html,thegioidaquy.net
307,mat cam thach quan am 1606,Sản Phẩm Chi Tiết (Product Detail),https://thegioidaquy.net/phong-thuy/mat-cam-thach-quan-am-1606.html,thegioidaquy.net
308,mat cam thach vang 1612,Sản Phẩm Chi Tiết (Product Detail),https://thegioidaquy.net/phong-thuy/mat-cam-thach-vang-1612.html,thegioidaquy.net
309,"mat chacedol, mat cham chacedol, trang suc chacedol, da chacedol, cong dung da chacedol 1332",Sản Phẩm Chi Tiết (Product Detail),"https://thegioidaquy.net/phong-thuy/mat-chacedol,-mat-cham-chacedol,-trang-suc-chacedol,-da-chacedol,-cong-dung-da-chacedol-1332.html",thegioidaquy.net
310,"mat chacedol, mat tru rong chacedol, trang suc chacedol, da chacedol, cong dung da chacedol 1391",Sản Phẩm Chi Tiết (Product Detail),"https://thegioidaquy.net/phong-thuy/mat-chacedol,-mat-tru-rong-chacedol,-trang-suc-chacedol,-da-chacedol,-cong-dung-da-chacedol-1391.html",thegioidaquy.net
311,"mat chacedol, mat tru rong chacedol, trang suc chacedol, da chacedol, cong dung da chacedol 1392",Sản Phẩm Chi Tiết (Product Detail),"https://thegioidaquy.net/phong-thuy/mat-chacedol,-mat-tru-rong-chacedol,-trang-suc-chacedol,-da-chacedol,-cong-dung-da-chacedol-1392.html",thegioidaquy.net
312,mat chacedol bo tat van thu 1597,Sản Phẩm Chi Tiết (Product Detail),https://thegioidaquy.net/phong-thuy/mat-chacedol-bo-tat-van-thu-1597.html,thegioidaquy.net
313,mat cho da ngoc 1762,Sản Phẩm Chi Tiết (Product Detail),https://thegioidaquy.net/phong-thuy/mat-cho-da-ngoc-1762.html,thegioidaquy.net
314,mat chuot da ngoc 1763,Sản Phẩm Chi Tiết (Product Detail),https://thegioidaquy.net/phong-thuy/mat-chuot-da-ngoc-1763.html,thegioidaquy.net
315,mat cop da ngoc 1764,Sản Phẩm Chi Tiết (Product Detail),https://thegioidaquy.net/phong-thuy/mat-cop-da-ngoc-1764.html,thegioidaquy.net
316,mat da agate 1060,Sản Phẩm Chi Tiết (Product Detail),https://thegioidaquy.net/phong-thuy/mat-da-agate-1060.html,thegioidaquy.net
317,mat da agate 1062,Sản Phẩm Chi Tiết (Product Detail),https://thegioidaquy.net/phong-thuy/mat-da-agate-1062.html,thegioidaquy.net
318,mat da agate 1064,Sản Phẩm Chi Tiết (Product Detail),https://thegioidaquy.net/phong-thuy/mat-da-agate-1064.html,thegioidaquy.net
319,mat da agate 713,Sản Phẩm Chi Tiết (Product Detail),https://thegioidaquy.net/phong-thuy/mat-da-agate-713.html,thegioidaquy.net
320,mat da bat nha tam kinh 1796,Sản Phẩm Chi Tiết (Product Detail),https://thegioidaquy.net/phong-thuy/mat-da-bat-nha-tam-kinh-1796.html,thegioidaquy.net
321,"mat da chacedol, mat ngua da chacedol, ma dao da chacedol, ban da chacedol, ma dao nhu y chacedol 1522",Sản Phẩm Chi Tiết (Product Detail),"https://thegioidaquy.net/phong-thuy/mat-da-chacedol,-mat-ngua-da-chacedol,-ma-dao-da-chacedol,-ban-da-chacedol,-ma-dao-nhu-y-chacedol-1522.html",thegioidaquy.net
322,mat da ho phach con giap Dan 1670,Sản Phẩm Chi Tiết (Product Detail),https://thegioidaquy.net/phong-thuy/mat-da-ho-phach-con-giap-Dan-1670.html,thegioidaquy.net
323,mat da ho phach con giap Dau 1672,Sản Phẩm Chi Tiết (Product Detail),https://thegioidaquy.net/phong-thuy/mat-da-ho-phach-con-giap-Dau-1672.html,thegioidaquy.net
324,mat da ho phach con giap Ti 1671,Sản Phẩm Chi Tiết (Product Detail),https://thegioidaquy.net/phong-thuy/mat-da-ho-phach-con-giap-Ti-1671.html,thegioidaquy.net
325,mat da lapis lazuli 1798,Sản Phẩm Chi Tiết (Product Detail),https://thegioidaquy.net/phong-thuy/mat-da-lapis-lazuli-1798.html,thegioidaquy.net
326,mat da lapis lazuli 962,Sản Phẩm Chi Tiết (Product Detail),https://thegioidaquy.net/phong-thuy/mat-da-lapis-lazuli-962.html,thegioidaquy.net
327,mat da lapis lazuli 963,Sản Phẩm Chi Tiết (Product Detail),https://thegioidaquy.net/phong-thuy/mat-da-lapis-lazuli-963.html,thegioidaquy.net
328,mat da mat da chacedol mat tru chacedol mat tru chacedol rong 1551,Sản Phẩm Chi Tiết (Product Detail),https://thegioidaquy.net/phong-thuy/mat-da-mat-da-chacedol-mat-tru-chacedol-mat-tru-chacedol-rong-1551.html,thegioidaquy.net
329,mat da mat ho 1607,Sản Phẩm Chi Tiết (Product Detail),https://thegioidaquy.net/phong-thuy/mat-da-mat-ho-1607.html,thegioidaquy.net
330,mat da mat ho 1608,Sản Phẩm Chi Tiết (Product Detail),https://thegioidaquy.net/phong-thuy/mat-da-mat-ho-1608.html,thegioidaquy.net
331,mat da mat ho 1609,Sản Phẩm Chi Tiết (Product Detail),https://thegioidaquy.net/phong-thuy/mat-da-mat-ho-1609.html,thegioidaquy.net
332,mat da mat ho dan 1616,Sản Phẩm Chi Tiết (Product Detail),https://thegioidaquy.net/phong-thuy/mat-da-mat-ho-dan-1616.html,thegioidaquy.net
333,mat da mat ho dau 1621,Sản Phẩm Chi Tiết (Product Detail),https://thegioidaquy.net/phong-thuy/mat-da-mat-ho-dau-1621.html,thegioidaquy.net
334,mat da mat ho di lac 663,Sản Phẩm Chi Tiết (Product Detail),https://thegioidaquy.net/phong-thuy/mat-da-mat-ho-di-lac-663.html,thegioidaquy.net
335,mat da mat ho hoi 1623,Sản Phẩm Chi Tiết (Product Detail),https://thegioidaquy.net/phong-thuy/mat-da-mat-ho-hoi-1623.html,thegioidaquy.net
336,mat da mat ho mui 1619,Sản Phẩm Chi Tiết (Product Detail),https://thegioidaquy.net/phong-thuy/mat-da-mat-ho-mui-1619.html,thegioidaquy.net
337,mat da mat ho ngo 1618,Sản Phẩm Chi Tiết (Product Detail),https://thegioidaquy.net/phong-thuy/mat-da-mat-ho-ngo-1618.html,thegioidaquy.net
338,mat da mat ho rong 655,Sản Phẩm Chi Tiết (Product Detail),https://thegioidaquy.net/phong-thuy/mat-da-mat-ho-rong-655.html,thegioidaquy.net
339,mat da mat ho suu 1615,Sản Phẩm Chi Tiết (Product Detail),https://thegioidaquy.net/phong-thuy/mat-da-mat-ho-suu-1615.html,thegioidaquy.net
340,mat da mat ho than 1620,Sản Phẩm Chi Tiết (Product Detail),https://thegioidaquy.net/phong-thuy/mat-da-mat-ho-than-1620.html,thegioidaquy.net
341,mat da mat ho thin 1624,Sản Phẩm Chi Tiết (Product Detail),https://thegioidaquy.net/phong-thuy/mat-da-mat-ho-thin-1624.html,thegioidaquy.net
342,mat da mat ho tho 1617,Sản Phẩm Chi Tiết (Product Detail),https://thegioidaquy.net/phong-thuy/mat-da-mat-ho-tho-1617.html,thegioidaquy.net
343,mat da mat ho ti 1614,Sản Phẩm Chi Tiết (Product Detail),https://thegioidaquy.net/phong-thuy/mat-da-mat-ho-ti-1614.html,thegioidaquy.net
344,mat da mat ho tuat 1622,Sản Phẩm Chi Tiết (Product Detail),https://thegioidaquy.net/phong-thuy/mat-da-mat-ho-tuat-1622.html,thegioidaquy.net
345,mat da mat ho ty 1625,Sản Phẩm Chi Tiết (Product Detail),https://thegioidaquy.net/phong-thuy/mat-da-mat-ho-ty-1625.html,thegioidaquy.net
346,mat da mat lapis lazuli trang suc phong thuy da lapis lazuli 1217,Sản Phẩm Chi Tiết (Product Detail),https://thegioidaquy.net/phong-thuy/mat-da-mat-lapis-lazuli-trang-suc-phong-thuy-da-lapis-lazuli-1217.html,thegioidaquy.net
347,mat day chuyen agate 1061,Sản Phẩm Chi Tiết (Product Detail),https://thegioidaquy.net/phong-thuy/mat-day-chuyen-agate-1061.html,thegioidaquy.net
348,mat day chuyen agate 1063,Sản Phẩm Chi Tiết (Product Detail),https://thegioidaquy.net/phong-thuy/mat-day-chuyen-agate-1063.html,thegioidaquy.net
349,mat day chuyen bac da sugilite 1025,Sản Phẩm Chi Tiết (Product Detail),https://thegioidaquy.net/phong-thuy/mat-day-chuyen-bac-da-sugilite-1025.html,thegioidaquy.net
350,mat day chuyen bac da sugilite 1026,Sản Phẩm Chi Tiết (Product Detail),https://thegioidaquy.net/phong-thuy/mat-day-chuyen-bac-da-sugilite-1026.html,thegioidaquy.net
351,mat day chuyen bac da sugilite 1027,Sản Phẩm Chi Tiết (Product Detail),https://thegioidaquy.net/phong-thuy/mat-day-chuyen-bac-da-sugilite-1027.html,thegioidaquy.net
352,mat day chuyen da agate 1065,Sản Phẩm Chi Tiết (Product Detail),https://thegioidaquy.net/phong-thuy/mat-day-chuyen-da-agate-1065.html,thegioidaquy.net
353,mat day chuyen da long cong 1215,Sản Phẩm Chi Tiết (Product Detail),https://thegioidaquy.net/phong-thuy/mat-day-chuyen-da-long-cong-1215.html,thegioidaquy.net
354,mat day chuyen da long cong 1216,Sản Phẩm Chi Tiết (Product Detail),https://thegioidaquy.net/phong-thuy/mat-day-chuyen-da-long-cong-1216.html,thegioidaquy.net
355,mat day chuyen da mat ho 1613,Sản Phẩm Chi Tiết (Product Detail),https://thegioidaquy.net/phong-thuy/mat-day-chuyen-da-mat-ho-1613.html,thegioidaquy.net
356,mat day chuyen da sugilite 1023,Sản Phẩm Chi Tiết (Product Detail),https://thegioidaquy.net/phong-thuy/mat-day-chuyen-da-sugilite-1023.html,thegioidaquy.net
357,mat day chuyen da sugilite 1024,Sản Phẩm Chi Tiết (Product Detail),https://thegioidaquy.net/phong-thuy/mat-day-chuyen-da-sugilite-1024.html,thegioidaquy.net
358,mat day chuyen thach anh hong 1747,Sản Phẩm Chi Tiết (Product Detail),https://thegioidaquy.net/phong-thuy/mat-day-chuyen-thach-anh-hong-1747.html,thegioidaquy.net
359,mat day chuyen trai tim 1775,Sản Phẩm Chi Tiết (Product Detail),https://thegioidaquy.net/phong-thuy/mat-day-chuyen-trai-tim-1775.html,thegioidaquy.net
360,mat day chuyen trai tim 1776,Sản Phẩm Chi Tiết (Product Detail),https://thegioidaquy.net/phong-thuy/mat-day-chuyen-trai-tim-1776.html,thegioidaquy.net
361,mat de da ngoc 1765,Sản Phẩm Chi Tiết (Product Detail),https://thegioidaquy.net/phong-thuy/mat-de-da-ngoc-1765.html,thegioidaquy.net
362,mat di lac cam thach 1547,Sản Phẩm Chi Tiết (Product Detail),https://thegioidaquy.net/phong-thuy/mat-di-lac-cam-thach-1547.html,thegioidaquy.net
363,mat ga da ngoc 1766,Sản Phẩm Chi Tiết (Product Detail),https://thegioidaquy.net/phong-thuy/mat-ga-da-ngoc-1766.html,thegioidaquy.net
364,mat go hoa ngoc 1367,Sản Phẩm Chi Tiết (Product Detail),https://thegioidaquy.net/phong-thuy/mat-go-hoa-ngoc-1367.html,thegioidaquy.net
365,mat go hoa ngoc 1651,Sản Phẩm Chi Tiết (Product Detail),https://thegioidaquy.net/phong-thuy/mat-go-hoa-ngoc-1651.html,thegioidaquy.net
366,mat go hoa thach di lac 1356,Sản Phẩm Chi Tiết (Product Detail),https://thegioidaquy.net/phong-thuy/mat-go-hoa-thach-di-lac-1356.html,thegioidaquy.net
367,mat go hoa thach do 1653,Sản Phẩm Chi Tiết (Product Detail),https://thegioidaquy.net/phong-thuy/mat-go-hoa-thach-do-1653.html,thegioidaquy.net
368,mat go hoa thach do 1654,Sản Phẩm Chi Tiết (Product Detail),https://thegioidaquy.net/phong-thuy/mat-go-hoa-thach-do-1654.html,thegioidaquy.net
369,mat go hoa thach nau 1645,Sản Phẩm Chi Tiết (Product Detail),https://thegioidaquy.net/phong-thuy/mat-go-hoa-thach-nau-1645.html,thegioidaquy.net
370,mat go hoa thach nau 1649,Sản Phẩm Chi Tiết (Product Detail),https://thegioidaquy.net/phong-thuy/mat-go-hoa-thach-nau-1649.html,thegioidaquy.net
371,mat go hoa thach nau 1650,Sản Phẩm Chi Tiết (Product Detail),https://thegioidaquy.net/phong-thuy/mat-go-hoa-thach-nau-1650.html,thegioidaquy.net
372,mat go hoa thach quan am 1448,Sản Phẩm Chi Tiết (Product Detail),https://thegioidaquy.net/phong-thuy/mat-go-hoa-thach-quan-am-1448.html,thegioidaquy.net
373,mat go hoa thach vang 1646,Sản Phẩm Chi Tiết (Product Detail),https://thegioidaquy.net/phong-thuy/mat-go-hoa-thach-vang-1646.html,thegioidaquy.net
374,mat go hoa thach vang 1647,Sản Phẩm Chi Tiết (Product Detail),https://thegioidaquy.net/phong-thuy/mat-go-hoa-thach-vang-1647.html,thegioidaquy.net
375,mat go hoa thach vang 1648,Sản Phẩm Chi Tiết (Product Detail),https://thegioidaquy.net/phong-thuy/mat-go-hoa-thach-vang-1648.html,thegioidaquy.net
376,mat go hoa thach xanh 1652,Sản Phẩm Chi Tiết (Product Detail),https://thegioidaquy.net/phong-thuy/mat-go-hoa-thach-xanh-1652.html,thegioidaquy.net
377,mat heo da ngoc 1767,Sản Phẩm Chi Tiết (Product Detail),https://thegioidaquy.net/phong-thuy/mat-heo-da-ngoc-1767.html,thegioidaquy.net
378,mat khi da ngoc 1768,Sản Phẩm Chi Tiết (Product Detail),https://thegioidaquy.net/phong-thuy/mat-khi-da-ngoc-1768.html,thegioidaquy.net
379,mat ngua da ngoc 1771,Sản Phẩm Chi Tiết (Product Detail),https://thegioidaquy.net/phong-thuy/mat-ngua-da-ngoc-1771.html,thegioidaquy.net
380,mat phat da mat ho 1685,Sản Phẩm Chi Tiết (Product Detail),https://thegioidaquy.net/phong-thuy/mat-phat-da-mat-ho-1685.html,thegioidaquy.net
381,mat phat ngan tay da chacedol 1525,Sản Phẩm Chi Tiết (Product Detail),https://thegioidaquy.net/phong-thuy/mat-phat-ngan-tay-da-chacedol-1525.html,thegioidaquy.net
382,mat quan am da chacedol 1388,Sản Phẩm Chi Tiết (Product Detail),https://thegioidaquy.net/phong-thuy/mat-quan-am-da-chacedol-1388.html,thegioidaquy.net
383,mat quan am da chacedol 1389,Sản Phẩm Chi Tiết (Product Detail),https://thegioidaquy.net/phong-thuy/mat-quan-am-da-chacedol-1389.html,thegioidaquy.net
384,mat quan am da chacedol 1390,Sản Phẩm Chi Tiết (Product Detail),https://thegioidaquy.net/phong-thuy/mat-quan-am-da-chacedol-1390.html,thegioidaquy.net
385,mat quan am thach anh tim 1758,Sản Phẩm Chi Tiết (Product Detail),https://thegioidaquy.net/phong-thuy/mat-quan-am-thach-anh-tim-1758.html,thegioidaquy.net
386,mat quan am thach anh tim 1759,Sản Phẩm Chi Tiết (Product Detail),https://thegioidaquy.net/phong-thuy/mat-quan-am-thach-anh-tim-1759.html,thegioidaquy.net
387,mat quan am thach anh trang 1211,Sản Phẩm Chi Tiết (Product Detail),https://thegioidaquy.net/phong-thuy/mat-quan-am-thach-anh-trang-1211.html,thegioidaquy.net
388,mat quan am thach anh trang 1591,Sản Phẩm Chi Tiết (Product Detail),https://thegioidaquy.net/phong-thuy/mat-quan-am-thach-anh-trang-1591.html,thegioidaquy.net
389,mat quan cong cam thach vang 1726,Sản Phẩm Chi Tiết (Product Detail),https://thegioidaquy.net/phong-thuy/mat-quan-cong-cam-thach-vang-1726.html,thegioidaquy.net
390,Mặt Quan Công đại giáp đá Obsidian,Sản Phẩm Chi Tiết (Product Detail),https://thegioidaquy.net/phong-thuy/mat-quan-cong-dai-giap-da-Obsidian-3177.html,thegioidaquy.net
391,Mặt Quan Công đọc sách đá Obsidian,Sản Phẩm Chi Tiết (Product Detail),https://thegioidaquy.net/phong-thuy/mat-quan-cong-doc-sach-da-Obsidian-3179.html,thegioidaquy.net
392,mat ran da ngoc 1770,Sản Phẩm Chi Tiết (Product Detail),https://thegioidaquy.net/phong-thuy/mat-ran-da-ngoc-1770.html,thegioidaquy.net
393,mat rong cam thach 1786,Sản Phẩm Chi Tiết (Product Detail),https://thegioidaquy.net/phong-thuy/mat-rong-cam-thach-1786.html,thegioidaquy.net
394,"mat rong chacedol cham rong chacedol, da chacedol, ban da chacedol, mat rong da chacedol 1523",Sản Phẩm Chi Tiết (Product Detail),"https://thegioidaquy.net/phong-thuy/mat-rong-chacedol-cham-rong-chacedol,-da-chacedol,-ban-da-chacedol,-mat-rong-da-chacedol-1523.html",thegioidaquy.net
395,mat rong da cam thach 1534,Sản Phẩm Chi Tiết (Product Detail),https://thegioidaquy.net/phong-thuy/mat-rong-da-cam-thach-1534.html,thegioidaquy.net
396,mat rong da mat ho 1821,Sản Phẩm Chi Tiết (Product Detail),https://thegioidaquy.net/phong-thuy/mat-rong-da-mat-ho-1821.html,thegioidaquy.net
397,mat rong da ngoc 1769,Sản Phẩm Chi Tiết (Product Detail),https://thegioidaquy.net/phong-thuy/mat-rong-da-ngoc-1769.html,thegioidaquy.net
398,mat rong phuong cam thach 1760,Sản Phẩm Chi Tiết (Product Detail),https://thegioidaquy.net/phong-thuy/mat-rong-phuong-cam-thach-1760.html,thegioidaquy.net
399,mat thach anh khoi 1584,Sản Phẩm Chi Tiết (Product Detail),https://thegioidaquy.net/phong-thuy/mat-thach-anh-khoi-1584.html,thegioidaquy.net
400,mat thach anh tim giot nuoc 1482,Sản Phẩm Chi Tiết (Product Detail),https://thegioidaquy.net/phong-thuy/mat-thach-anh-tim-giot-nuoc-1482.html,thegioidaquy.net
401,mat thach anh tim trai tim 1483,Sản Phẩm Chi Tiết (Product Detail),https://thegioidaquy.net/phong-thuy/mat-thach-anh-tim-trai-tim-1483.html,thegioidaquy.net
402,mat thach anh toc xanh 1241,Sản Phẩm Chi Tiết (Product Detail),https://thegioidaquy.net/phong-thuy/mat-thach-anh-toc-xanh-1241.html,thegioidaquy.net
403,mat thich ca da mat ho 1724,Sản Phẩm Chi Tiết (Product Detail),https://thegioidaquy.net/phong-thuy/mat-thich-ca-da-mat-ho-1724.html,thegioidaquy.net
404,mat tho da ngoc 1761,Sản Phẩm Chi Tiết (Product Detail),https://thegioidaquy.net/phong-thuy/mat-tho-da-ngoc-1761.html,thegioidaquy.net
405,mat trau da ngoc 1772,Sản Phẩm Chi Tiết (Product Detail),https://thegioidaquy.net/phong-thuy/mat-trau-da-ngoc-1772.html,thegioidaquy.net
406,mat tu tai phong linh agate phong linh da da agate 1067,Sản Phẩm Chi Tiết (Product Detail),https://thegioidaquy.net/phong-thuy/mat-tu-tai-phong-linh-agate-phong-linh-da-da-agate-1067.html,thegioidaquy.net
407,mieng thach anh tim 1674,Sản Phẩm Chi Tiết (Product Detail),https://thegioidaquy.net/phong-thuy/mieng-thach-anh-tim-1674.html,thegioidaquy.net
408,mieng thach anh vang 1629,Sản Phẩm Chi Tiết (Product Detail),https://thegioidaquy.net/phong-thuy/mieng-thach-anh-vang-1629.html,thegioidaquy.net
409,moc khoa xe dong tien da ngoc 1773,Sản Phẩm Chi Tiết (Product Detail),https://thegioidaquy.net/phong-thuy/moc-khoa-xe-dong-tien-da-ngoc-1773.html,thegioidaquy.net
410,moc khoa xe thoi vang da ngoc 1513,Sản Phẩm Chi Tiết (Product Detail),https://thegioidaquy.net/phong-thuy/moc-khoa-xe-thoi-vang-da-ngoc-1513.html,thegioidaquy.net
411,nhan bac da lapis lazuli 1296,Sản Phẩm Chi Tiết (Product Detail),https://thegioidaquy.net/phong-thuy/nhan-bac-da-lapis-lazuli-1296.html,thegioidaquy.net
412,nhan bac da lapis lazuli 1797,Sản Phẩm Chi Tiết (Product Detail),https://thegioidaquy.net/phong-thuy/nhan-bac-da-lapis-lazuli-1797.html,thegioidaquy.net
413,nhan bac da rhodonite 448,Sản Phẩm Chi Tiết (Product Detail),https://thegioidaquy.net/phong-thuy/nhan-bac-da-rhodonite-448.html,thegioidaquy.net
414,nhan bac nam sapphire sao 1749,Sản Phẩm Chi Tiết (Product Detail),https://thegioidaquy.net/phong-thuy/nhan-bac-nam-sapphire-sao-1749.html,thegioidaquy.net
415,nhan bac nam sapphire xanh 1303,Sản Phẩm Chi Tiết (Product Detail),https://thegioidaquy.net/phong-thuy/nhan-bac-nam-sapphire-xanh-1303.html,thegioidaquy.net
416,nhan bac thach anh tim 1752,Sản Phẩm Chi Tiết (Product Detail),https://thegioidaquy.net/phong-thuy/nhan-bac-thach-anh-tim-1752.html,thegioidaquy.net
417,nhan cam thach xanh 1817,Sản Phẩm Chi Tiết (Product Detail),https://thegioidaquy.net/phong-thuy/nhan-cam-thach-xanh-1817.html,thegioidaquy.net
418,nhan da ma nao 1712,Sản Phẩm Chi Tiết (Product Detail),https://thegioidaquy.net/phong-thuy/nhan-da-ma-nao-1712.html,thegioidaquy.net
419,nhan da ma nao 1713,Sản Phẩm Chi Tiết (Product Detail),https://thegioidaquy.net/phong-thuy/nhan-da-ma-nao-1713.html,thegioidaquy.net
420,nhan da ma nao 1714,Sản Phẩm Chi Tiết (Product Detail),https://thegioidaquy.net/phong-thuy/nhan-da-ma-nao-1714.html,thegioidaquy.net
421,nhan da san ho 1711,Sản Phẩm Chi Tiết (Product Detail),https://thegioidaquy.net/phong-thuy/nhan-da-san-ho-1711.html,thegioidaquy.net
422,nhan inox da san ho 952,Sản Phẩm Chi Tiết (Product Detail),https://thegioidaquy.net/phong-thuy/nhan-inox-da-san-ho-952.html,thegioidaquy.net
423,nhan mat meo cam giac 1290,Sản Phẩm Chi Tiết (Product Detail),https://thegioidaquy.net/phong-thuy/nhan-mat-meo-cam-giac-1290.html,thegioidaquy.net
424,Nhẫn Mẫu Đơn cẩm thạch xanh,Sản Phẩm Chi Tiết (Product Detail),https://thegioidaquy.net/phong-thuy/nhan-mau-don-cam-thach-xanh-2521.html,thegioidaquy.net
425,nhan nam da mat ho 1638,Sản Phẩm Chi Tiết (Product Detail),https://thegioidaquy.net/phong-thuy/nhan-nam-da-mat-ho-1638.html,thegioidaquy.net
426,nhan nam thach anh tim 1375,Sản Phẩm Chi Tiết (Product Detail),https://thegioidaquy.net/phong-thuy/nhan-nam-thach-anh-tim-1375.html,thegioidaquy.net
427,nhan nu cam thach hoa hong 1379,Sản Phẩm Chi Tiết (Product Detail),https://thegioidaquy.net/phong-thuy/nhan-nu-cam-thach-hoa-hong-1379.html,thegioidaquy.net
428,nhan nu ruby anh sao 1313,Sản Phẩm Chi Tiết (Product Detail),https://thegioidaquy.net/phong-thuy/nhan-nu-ruby-anh-sao-1313.html,thegioidaquy.net
429,nhan ty huu cam thach 957,Sản Phẩm Chi Tiết (Product Detail),https://thegioidaquy.net/phong-thuy/nhan-ty-huu-cam-thach-957.html,thegioidaquy.net
430,nhan ty huu thach anh tim 1582,Sản Phẩm Chi Tiết (Product Detail),https://thegioidaquy.net/phong-thuy/nhan-ty-huu-thach-anh-tim-1582.html,thegioidaquy.net
431,Nhện phong thuỷ đá ngọc bích,Sản Phẩm Chi Tiết (Product Detail),https://thegioidaquy.net/phong-thuy/nhen-phong-thuy-da-ngoc-bich-3337.html,thegioidaquy.net
432,o tu tai da agate 706,Sản Phẩm Chi Tiết (Product Detail),https://thegioidaquy.net/phong-thuy/o-tu-tai-da-agate-706.html,thegioidaquy.net
433,o tu tai da agate 707,Sản Phẩm Chi Tiết (Product Detail),https://thegioidaquy.net/phong-thuy/o-tu-tai-da-agate-707.html,thegioidaquy.net
434,o tu tai da agate 708,Sản Phẩm Chi Tiết (Product Detail),https://thegioidaquy.net/phong-thuy/o-tu-tai-da-agate-708.html,thegioidaquy.net
435,o tu tai da agate 709,Sản Phẩm Chi Tiết (Product Detail),https://thegioidaquy.net/phong-thuy/o-tu-tai-da-agate-709.html,thegioidaquy.net
436,o tu tai da agate 710,Sản Phẩm Chi Tiết (Product Detail),https://thegioidaquy.net/phong-thuy/o-tu-tai-da-agate-710.html,thegioidaquy.net
437,o tu tai da agate 711,Sản Phẩm Chi Tiết (Product Detail),https://thegioidaquy.net/phong-thuy/o-tu-tai-da-agate-711.html,thegioidaquy.net
438,o tu tai da agate 712,Sản Phẩm Chi Tiết (Product Detail),https://thegioidaquy.net/phong-thuy/o-tu-tai-da-agate-712.html,thegioidaquy.net
439,Phật bản mệnh Bất Động Minh Vương đá Serpentine,Sản Phẩm Chi Tiết (Product Detail),https://thegioidaquy.net/phong-thuy/phat-ban-menh-bat-dong-minh-vuong-da-serpentine-3280.html,thegioidaquy.net
440,Phật bản mệnh Bất Động Minh Vương nhỏ Obsidian,Sản Phẩm Chi Tiết (Product Detail),https://thegioidaquy.net/phong-thuy/phat-ban-menh-bat-dong-minh-vuong-nho-obsidian-3156.html,thegioidaquy.net
441,Phật bản mệnh Đại Thế Chí đá Serpentine,Sản Phẩm Chi Tiết (Product Detail),https://thegioidaquy.net/phong-thuy/phat-ban-menh-dai-the-chi-da-serpentine-3279.html,thegioidaquy.net
442,Phật bản mệnh Hư Không Tạng đá mã não,Sản Phẩm Chi Tiết (Product Detail),https://thegioidaquy.net/phong-thuy/phat-ban-menh-hu-khong-tang-da-ma-nao-3260.html,thegioidaquy.net
443,Phật bản mệnh Hư Không Tạng đá Serpentine,Sản Phẩm Chi Tiết (Product Detail),https://thegioidaquy.net/phong-thuy/phat-ban-menh-hu-khong-tang-da-serpentine-3274.html,thegioidaquy.net
444,Phật bản mệnh Hư Không Tạng đá thạch anh trắng,Sản Phẩm Chi Tiết (Product Detail),https://thegioidaquy.net/phong-thuy/phat-ban-menh-hu-khong-tang-da-thach-anh-trang-3310.html,thegioidaquy.net
445,Phật bản mệnh Như Lai Đại Nhật đá mã não đỏ,Sản Phẩm Chi Tiết (Product Detail),https://thegioidaquy.net/phong-thuy/phat-ban-menh-nhu-lai-dai-nhat-da-ma-nao-do-3252.html,thegioidaquy.net
446,Phật bản mệnh Như Lai Đại Nhật đá Serpentine,Sản Phẩm Chi Tiết (Product Detail),https://thegioidaquy.net/phong-thuy/phat-ban-menh-nhu-lai-dai-nhat-da-serpentine-3278.html,thegioidaquy.net
447,Phật bản mệnh Phổ Hiền đá Serpentine,Sản Phẩm Chi Tiết (Product Detail),https://thegioidaquy.net/phong-thuy/phat-ban-menh-pho-hien-da-serpentine-3275.html,thegioidaquy.net
448,Phật bản mệnh Phổ Hiền nhỏ Obsidian,Sản Phẩm Chi Tiết (Product Detail),https://thegioidaquy.net/phong-thuy/phat-ban-menh-pho-hien-nho-obsidian-3152.html,thegioidaquy.net
449,Phật bản mệnh Quan Âm nghìn tay đá mắt hổ - Chổ bán Phật bản mệnh đúng gốc phật giáo,Sản Phẩm Chi Tiết (Product Detail),https://thegioidaquy.net/phong-thuy/phat-ban-menh-quan-am-nghin-tay-da-mat-ho-3358.html,thegioidaquy.net
450,Phật bản mệnh Thiên Thủ nhỏ Obsidian,Sản Phẩm Chi Tiết (Product Detail),https://thegioidaquy.net/phong-thuy/phat-ban-menh-thien-thu-nho-obsidian-3157.html,thegioidaquy.net
451,Phật bản mệnh tuổi Mùi phật Như Lai Đại Nhật đá mắt hổ đúng gốc phật giáo,Sản Phẩm Chi Tiết (Product Detail),https://thegioidaquy.net/phong-thuy/phat-ban-menh-tuoi-mui-nhu-lai-dai-nhat-da-mat-ho-3356.html,thegioidaquy.net
452,Phật bản mệnh tuổi Sửu phật Hư Không Tạng đá mắt hổ đúng gốc phật giáo,Sản Phẩm Chi Tiết (Product Detail),https://thegioidaquy.net/phong-thuy/phat-ban-menh-tuoi-suu-phat-hu-khong-tang-da-mat-ho-3355.html,thegioidaquy.net
453,Phật bản mệnh tuổi Thân Như Lai Đại Nhật đá mắt hổ - Chổ bán Đại nhật Như Lai chính gốc phật giáo,Sản Phẩm Chi Tiết (Product Detail),https://thegioidaquy.net/phong-thuy/phat-ban-menh-tuoi-than-nhu-lai-dai-nhat-da-mat-ho-3360.html,thegioidaquy.net
454,pho hien bo tat 540,Sản Phẩm Chi Tiết (Product Detail),https://thegioidaquy.net/phong-thuy/pho-hien-bo-tat-540.html,thegioidaquy.net
455,Phong Linh sáu thanh trắng,Sản Phẩm Chi Tiết (Product Detail),https://thegioidaquy.net/phong-thuy/phong-linh-sau-thanh-trang-1097.html,thegioidaquy.net
456,Quả cầu đá thạch anh tím đậm 85,Sản Phẩm Chi Tiết (Product Detail),https://thegioidaquy.net/phong-thuy/qua-cau-da-thach-anh-tim-dam-85-3251.html,thegioidaquy.net
457,qua cau pha le 1427,Sản Phẩm Chi Tiết (Product Detail),https://thegioidaquy.net/phong-thuy/qua-cau-pha-le-1427.html,thegioidaquy.net
458,Quan Âm cưỡi Rồng đá ngọc bích A,Sản Phẩm Chi Tiết (Product Detail),https://thegioidaquy.net/phong-thuy/quan-am-cuoi-rong-da-ngoc-bich-a-3138.html,thegioidaquy.net
459,rua cam thach xanh 1818,Sản Phẩm Chi Tiết (Product Detail),https://thegioidaquy.net/phong-thuy/rua-cam-thach-xanh-1818.html,thegioidaquy.net
460,rua cam thach xanh 1819,Sản Phẩm Chi Tiết (Product Detail),https://thegioidaquy.net/phong-thuy/rua-cam-thach-xanh-1819.html,thegioidaquy.net
461,te giac da lapis lazuli 1820,Sản Phẩm Chi Tiết (Product Detail),https://thegioidaquy.net/phong-thuy/te-giac-da-lapis-lazuli-1820.html,thegioidaquy.net
462,te giac da lapis lazuli 716,Sản Phẩm Chi Tiết (Product Detail),https://thegioidaquy.net/phong-thuy/te-giac-da-lapis-lazuli-716.html,thegioidaquy.net
463,thap thach anh tim 1677,Sản Phẩm Chi Tiết (Product Detail),https://thegioidaquy.net/phong-thuy/thap-thach-anh-tim-1677.html,thegioidaquy.net
464,thap thach anh tim 1787,Sản Phẩm Chi Tiết (Product Detail),https://thegioidaquy.net/phong-thuy/thap-thach-anh-tim-1787.html,thegioidaquy.net
465,thap thach anh trang 1504,Sản Phẩm Chi Tiết (Product Detail),https://thegioidaquy.net/phong-thuy/thap-thach-anh-trang-1504.html,thegioidaquy.net
466,thap thach anh trang 1505,Sản Phẩm Chi Tiết (Product Detail),https://thegioidaquy.net/phong-thuy/thap-thach-anh-trang-1505.html,thegioidaquy.net
467,thap thach anh trang 1600,Sản Phẩm Chi Tiết (Product Detail),https://thegioidaquy.net/phong-thuy/thap-thach-anh-trang-1600.html,thegioidaquy.net
468,thap van xuong thach anh hong 7 tang 1598,Sản Phẩm Chi Tiết (Product Detail),https://thegioidaquy.net/phong-thuy/thap-van-xuong-thach-anh-hong-7-tang-1598.html,thegioidaquy.net
469,"thiem thu, coc ba chan 1466",Sản Phẩm Chi Tiết (Product Detail),"https://thegioidaquy.net/phong-thuy/thiem-thu,-coc-ba-chan-1466.html",thegioidaquy.net
470,tien hoa mai 1684,Sản Phẩm Chi Tiết (Product Detail),https://thegioidaquy.net/phong-thuy/tien-hoa-mai-1684.html,thegioidaquy.net
471,trau thach anh tim 1583,Sản Phẩm Chi Tiết (Product Detail),https://thegioidaquy.net/phong-thuy/trau-thach-anh-tim-1583.html,thegioidaquy.net
472,tru thach anh trang 1743,Sản Phẩm Chi Tiết (Product Detail),https://thegioidaquy.net/phong-thuy/tru-thach-anh-trang-1743.html,thegioidaquy.net
473,tu tai da agate 507,Sản Phẩm Chi Tiết (Product Detail),https://thegioidaquy.net/phong-thuy/tu-tai-da-agate-507.html,thegioidaquy.net
474,tu tai da agate 714,Sản Phẩm Chi Tiết (Product Detail),https://thegioidaquy.net/phong-thuy/tu-tai-da-agate-714.html,thegioidaquy.net
475,Tỳ hưu chiếc lá đá mắt hổ,Sản Phẩm Chi Tiết (Product Detail),https://thegioidaquy.net/phong-thuy/ty-huu-chiec-la-da-mat-ho-3346.html,thegioidaquy.net
476,ty huu da lapis lazuli 1301,Sản Phẩm Chi Tiết (Product Detail),https://thegioidaquy.net/phong-thuy/ty-huu-da-lapis-lazuli-1301.html,thegioidaquy.net
477,ty huu da mat ho 674,Sản Phẩm Chi Tiết (Product Detail),https://thegioidaquy.net/phong-thuy/ty-huu-da-mat-ho-674.html,thegioidaquy.net
478,Tỳ hưu đá thạch anh khói đậm 70,Sản Phẩm Chi Tiết (Product Detail),https://thegioidaquy.net/phong-thuy/ty-huu-da-thach-anh-khoi-dam-70-3259.html,thegioidaquy.net
479,ty huu go hoa thach 1447,Sản Phẩm Chi Tiết (Product Detail),https://thegioidaquy.net/phong-thuy/ty-huu-go-hoa-thach-1447.html,thegioidaquy.net
480,ty huu thach anh den 1705,Sản Phẩm Chi Tiết (Product Detail),https://thegioidaquy.net/phong-thuy/ty-huu-thach-anh-den-1705.html,thegioidaquy.net
481,ty thuu cam thach nho 1580,Sản Phẩm Chi Tiết (Product Detail),https://thegioidaquy.net/phong-thuy/ty-thuu-cam-thach-nho-1580.html,thegioidaquy.net
482,Vòng đá thạch anh tím 10 ly,Sản Phẩm Chi Tiết (Product Detail),https://thegioidaquy.net/phong-thuy/vong-da-thach-anh-tim-10-ly-3060.html,thegioidaquy.net
483,vong tay chacedol 10 ly 1530,Sản Phẩm Chi Tiết (Product Detail),https://thegioidaquy.net/phong-thuy/vong-tay-chacedol-10-ly-1530.html,thegioidaquy.net
484,vong tay chacedol 16 ly 1529,Sản Phẩm Chi Tiết (Product Detail),https://thegioidaquy.net/phong-thuy/vong-tay-chacedol-16-ly-1529.html,thegioidaquy.net
485,vong tay chacedol 6 ly 1561,Sản Phẩm Chi Tiết (Product Detail),https://thegioidaquy.net/phong-thuy/vong-tay-chacedol-6-ly-1561.html,thegioidaquy.net
486,vong tay chacedol 6 ly 1562,Sản Phẩm Chi Tiết (Product Detail),https://thegioidaquy.net/phong-thuy/vong-tay-chacedol-6-ly-1562.html,thegioidaquy.net
487,vong tay chacedol 6 ly 1563,Sản Phẩm Chi Tiết (Product Detail),https://thegioidaquy.net/phong-thuy/vong-tay-chacedol-6-ly-1563.html,thegioidaquy.net
488,vong tay chacedol 8 ly 1531,Sản Phẩm Chi Tiết (Product Detail),https://thegioidaquy.net/phong-thuy/vong-tay-chacedol-8-ly-1531.html,thegioidaquy.net
489,vong tay chacedol 8 ly 1558,Sản Phẩm Chi Tiết (Product Detail),https://thegioidaquy.net/phong-thuy/vong-tay-chacedol-8-ly-1558.html,thegioidaquy.net
490,vong tay chacedol 8 ly 1559,Sản Phẩm Chi Tiết (Product Detail),https://thegioidaquy.net/phong-thuy/vong-tay-chacedol-8-ly-1559.html,thegioidaquy.net
491,vong tay da den 10 ly 944,Sản Phẩm Chi Tiết (Product Detail),https://thegioidaquy.net/phong-thuy/vong-tay-da-den-10-ly-944.html,thegioidaquy.net
492,vong tay da granat 1748,Sản Phẩm Chi Tiết (Product Detail),https://thegioidaquy.net/phong-thuy/vong-tay-da-granat-1748.html,thegioidaquy.net
493,vong tay da granat 423,Sản Phẩm Chi Tiết (Product Detail),https://thegioidaquy.net/phong-thuy/vong-tay-da-granat-423.html,thegioidaquy.net
494,vong tay da granat 425,Sản Phẩm Chi Tiết (Product Detail),https://thegioidaquy.net/phong-thuy/vong-tay-da-granat-425.html,thegioidaquy.net
495,vong tay da lapis lazuli 1800,Sản Phẩm Chi Tiết (Product Detail),https://thegioidaquy.net/phong-thuy/vong-tay-da-lapis-lazuli-1800.html,thegioidaquy.net
496,vong tay da mat ho xanh dep 1382,Sản Phẩm Chi Tiết (Product Detail),https://thegioidaquy.net/phong-thuy/vong-tay-da-mat-ho-xanh-dep-1382.html,thegioidaquy.net
497,vong tay da mat meo 1485,Sản Phẩm Chi Tiết (Product Detail),https://thegioidaquy.net/phong-thuy/vong-tay-da-mat-meo-1485.html,thegioidaquy.net
498,vong tay da mat meo do 1555,Sản Phẩm Chi Tiết (Product Detail),https://thegioidaquy.net/phong-thuy/vong-tay-da-mat-meo-do-1555.html,thegioidaquy.net
499,vong tay da mat meo vang 1557,Sản Phẩm Chi Tiết (Product Detail),https://thegioidaquy.net/phong-thuy/vong-tay-da-mat-meo-vang-1557.html,thegioidaquy.net
500,vong tay da mat meo xanh la 753,Sản Phẩm Chi Tiết (Product Detail),https://thegioidaquy.net/phong-thuy/vong-tay-da-mat-meo-xanh-la-753.html,thegioidaquy.net
501,vong tay da mat meo xanh ngoc 1556,Sản Phẩm Chi Tiết (Product Detail),https://thegioidaquy.net/phong-thuy/vong-tay-da-mat-meo-xanh-ngoc-1556.html,thegioidaquy.net
502,vong tay da mat trang 12 ly 1172,Sản Phẩm Chi Tiết (Product Detail),https://thegioidaquy.net/phong-thuy/vong-tay-da-mat-trang-12-ly-1172.html,thegioidaquy.net
503,vong tay da mat trang 12 ly 1173,Sản Phẩm Chi Tiết (Product Detail),https://thegioidaquy.net/phong-thuy/vong-tay-da-mat-trang-12-ly-1173.html,thegioidaquy.net
504,vong tay da mat trang 6 ly 933,Sản Phẩm Chi Tiết (Product Detail),https://thegioidaquy.net/phong-thuy/vong-tay-da-mat-trang-6-ly-933.html,thegioidaquy.net
505,vong tay da ngoc 1777,Sản Phẩm Chi Tiết (Product Detail),https://thegioidaquy.net/phong-thuy/vong-tay-da-ngoc-1777.html,thegioidaquy.net
506,Vòng tay đá ngọc bích 10 ly,Sản Phẩm Chi Tiết (Product Detail),https://thegioidaquy.net/phong-thuy/vong-tay-da-ngoc-bich-10-ly-3132.html,thegioidaquy.net
507,vong tay da san ho 12 ly 943,Sản Phẩm Chi Tiết (Product Detail),https://thegioidaquy.net/phong-thuy/vong-tay-da-san-ho-12-ly-943.html,thegioidaquy.net
508,vong tay da san ho 1568,Sản Phẩm Chi Tiết (Product Detail),https://thegioidaquy.net/phong-thuy/vong-tay-da-san-ho-1568.html,thegioidaquy.net
509,vong tay da san ho 8 ly 942,Sản Phẩm Chi Tiết (Product Detail),https://thegioidaquy.net/phong-thuy/vong-tay-da-san-ho-8-ly-942.html,thegioidaquy.net
510,vong tay da san ho 929,Sản Phẩm Chi Tiết (Product Detail),https://thegioidaquy.net/phong-thuy/vong-tay-da-san-ho-929.html,thegioidaquy.net
511,vong tay da san ho 930,Sản Phẩm Chi Tiết (Product Detail),https://thegioidaquy.net/phong-thuy/vong-tay-da-san-ho-930.html,thegioidaquy.net
512,vong tay da san ho 931,Sản Phẩm Chi Tiết (Product Detail),https://thegioidaquy.net/phong-thuy/vong-tay-da-san-ho-931.html,thegioidaquy.net
513,Vòng tay đá Tourmaline 10 ly,Sản Phẩm Chi Tiết (Product Detail),https://thegioidaquy.net/phong-thuy/vong-tay-da-tourmaline-10-ly-3238.html,thegioidaquy.net
514,Vòng tay đá Tourmaline 7 ly,Sản Phẩm Chi Tiết (Product Detail),https://thegioidaquy.net/phong-thuy/vong-tay-da-tourmaline-7-ly-3239.html,thegioidaquy.net
515,Vòng tay dây rút 6 ly Hoa Mẫu Đơn thạch anh tím,Sản Phẩm Chi Tiết (Product Detail),https://thegioidaquy.net/phong-thuy/vong-tay-day-rut-6-ly-Hoa-Mau-Don-thach-anh-tim-2916.html,thegioidaquy.net
516,Vòng tay gỗ hoá ngọc đỏ nâu 10 ly,Sản Phẩm Chi Tiết (Product Detail),https://thegioidaquy.net/phong-thuy/vong-tay-go-hoa-ngoc-do-nau-10-ly-2773.html,thegioidaquy.net
517,vong tay go hoa thach 10 ly 1690,Sản Phẩm Chi Tiết (Product Detail),https://thegioidaquy.net/phong-thuy/vong-tay-go-hoa-thach-10-ly-1690.html,thegioidaquy.net
518,vong tay go hoa thach 12 ly 1560,Sản Phẩm Chi Tiết (Product Detail),https://thegioidaquy.net/phong-thuy/vong-tay-go-hoa-thach-12-ly-1560.html,thegioidaquy.net
519,vong tay go hoa thach 12 ly 1691,Sản Phẩm Chi Tiết (Product Detail),https://thegioidaquy.net/phong-thuy/vong-tay-go-hoa-thach-12-ly-1691.html,thegioidaquy.net
520,vong tay go hoa thach 14 ly 1692,Sản Phẩm Chi Tiết (Product Detail),https://thegioidaquy.net/phong-thuy/vong-tay-go-hoa-thach-14-ly-1692.html,thegioidaquy.net
521,vong tay go hoa thach 16 ly 1406,Sản Phẩm Chi Tiết (Product Detail),https://thegioidaquy.net/phong-thuy/vong-tay-go-hoa-thach-16-ly-1406.html,thegioidaquy.net
522,vong tay go hoa thach 8 ly 1541,Sản Phẩm Chi Tiết (Product Detail),https://thegioidaquy.net/phong-thuy/vong-tay-go-hoa-thach-8-ly-1541.html,thegioidaquy.net
523,vong tay granat 10 ly 1165,Sản Phẩm Chi Tiết (Product Detail),https://thegioidaquy.net/phong-thuy/vong-tay-granat-10-ly-1165.html,thegioidaquy.net
524,vong tay granat 1166,Sản Phẩm Chi Tiết (Product Detail),https://thegioidaquy.net/phong-thuy/vong-tay-granat-1166.html,thegioidaquy.net
525,vong tay granat 12ly 426,Sản Phẩm Chi Tiết (Product Detail),https://thegioidaquy.net/phong-thuy/vong-tay-granat-12ly-426.html,thegioidaquy.net
526,vong tay granat 5ly 1446,Sản Phẩm Chi Tiết (Product Detail),https://thegioidaquy.net/phong-thuy/vong-tay-granat-5ly-1446.html,thegioidaquy.net
527,vong tay granat 737,Sản Phẩm Chi Tiết (Product Detail),https://thegioidaquy.net/phong-thuy/vong-tay-granat-737.html,thegioidaquy.net
528,vong tay granat 8ly 427,Sản Phẩm Chi Tiết (Product Detail),https://thegioidaquy.net/phong-thuy/vong-tay-granat-8ly-427.html,thegioidaquy.net
529,vong tay ma nao 10 ly 1814,Sản Phẩm Chi Tiết (Product Detail),https://thegioidaquy.net/phong-thuy/vong-tay-ma-nao-10-ly-1814.html,thegioidaquy.net
530,vong tay ma nao 12 ly 1635,Sản Phẩm Chi Tiết (Product Detail),https://thegioidaquy.net/phong-thuy/vong-tay-ma-nao-12-ly-1635.html,thegioidaquy.net
531,vong tay ma nao 12 ly rong 1718,Sản Phẩm Chi Tiết (Product Detail),https://thegioidaquy.net/phong-thuy/vong-tay-ma-nao-12-ly-rong-1718.html,thegioidaquy.net
532,vong tay ma nao 14 ly 1717,Sản Phẩm Chi Tiết (Product Detail),https://thegioidaquy.net/phong-thuy/vong-tay-ma-nao-14-ly-1717.html,thegioidaquy.net
533,vong tay ma nao 14 ly rong 1811,Sản Phẩm Chi Tiết (Product Detail),https://thegioidaquy.net/phong-thuy/vong-tay-ma-nao-14-ly-rong-1811.html,thegioidaquy.net
534,vong tay ma nao 8 ly 1386,Sản Phẩm Chi Tiết (Product Detail),https://thegioidaquy.net/phong-thuy/vong-tay-ma-nao-8-ly-1386.html,thegioidaquy.net
535,vong tay ma nao 8 ly 1812,Sản Phẩm Chi Tiết (Product Detail),https://thegioidaquy.net/phong-thuy/vong-tay-ma-nao-8-ly-1812.html,thegioidaquy.net
536,vong tay ma nao 8 ly 1813,Sản Phẩm Chi Tiết (Product Detail),https://thegioidaquy.net/phong-thuy/vong-tay-ma-nao-8-ly-1813.html,thegioidaquy.net
537,vong tay ma nao 8 ly ommani 1778,Sản Phẩm Chi Tiết (Product Detail),https://thegioidaquy.net/phong-thuy/vong-tay-ma-nao-8-ly-ommani-1778.html,thegioidaquy.net
538,vong tay ma nao do 8 ly 1419,Sản Phẩm Chi Tiết (Product Detail),https://thegioidaquy.net/phong-thuy/vong-tay-ma-nao-do-8-ly-1419.html,thegioidaquy.net
539,vong tay ma nao hoa sen 12 ly 1719,Sản Phẩm Chi Tiết (Product Detail),https://thegioidaquy.net/phong-thuy/vong-tay-ma-nao-hoa-sen-12-ly-1719.html,thegioidaquy.net
540,vong tay ma nao hoa sen 8 ly 1539,Sản Phẩm Chi Tiết (Product Detail),https://thegioidaquy.net/phong-thuy/vong-tay-ma-nao-hoa-sen-8-ly-1539.html,thegioidaquy.net
541,vong tay ma nao hoa sen 8 ly 1716,Sản Phẩm Chi Tiết (Product Detail),https://thegioidaquy.net/phong-thuy/vong-tay-ma-nao-hoa-sen-8-ly-1716.html,thegioidaquy.net
542,vong tay mat meo 1486,Sản Phẩm Chi Tiết (Product Detail),https://thegioidaquy.net/phong-thuy/vong-tay-mat-meo-1486.html,thegioidaquy.net
543,vong tay mat meo 1489,Sản Phẩm Chi Tiết (Product Detail),https://thegioidaquy.net/phong-thuy/vong-tay-mat-meo-1489.html,thegioidaquy.net
544,vong tay phat ngoc 6 ly 1516,Sản Phẩm Chi Tiết (Product Detail),https://thegioidaquy.net/phong-thuy/vong-tay-phat-ngoc-6-ly-1516.html,thegioidaquy.net
545,vong tay sapphire 699,Sản Phẩm Chi Tiết (Product Detail),https://thegioidaquy.net/phong-thuy/vong-tay-sapphire-699.html,thegioidaquy.net
546,vong tay sapphire 8 ly 697,Sản Phẩm Chi Tiết (Product Detail),https://thegioidaquy.net/phong-thuy/vong-tay-sapphire-8-ly-697.html,thegioidaquy.net
547,vong tay sapphire do 10 ly 759,Sản Phẩm Chi Tiết (Product Detail),https://thegioidaquy.net/phong-thuy/vong-tay-sapphire-do-10-ly-759.html,thegioidaquy.net
548,vong tay sapphire do 695,Sản Phẩm Chi Tiết (Product Detail),https://thegioidaquy.net/phong-thuy/vong-tay-sapphire-do-695.html,thegioidaquy.net
549,vong tay sapphire tim 8 ly 698,Sản Phẩm Chi Tiết (Product Detail),https://thegioidaquy.net/phong-thuy/vong-tay-sapphire-tim-8-ly-698.html,thegioidaquy.net
550,vong tay sapphire vang 8 ly 758,Sản Phẩm Chi Tiết (Product Detail),https://thegioidaquy.net/phong-thuy/vong-tay-sapphire-vang-8-ly-758.html,thegioidaquy.net
551,vong tay sapphire xanh 8 ly 696,Sản Phẩm Chi Tiết (Product Detail),https://thegioidaquy.net/phong-thuy/vong-tay-sapphire-xanh-8-ly-696.html,thegioidaquy.net
552,Vòng tay thạch anh đen 10 ly,Sản Phẩm Chi Tiết (Product Detail),https://thegioidaquy.net/phong-thuy/vong-tay-thach-anh-den-10-ly-1454.html,thegioidaquy.net
553,vong tay thach anh den 12 ly 347,Sản Phẩm Chi Tiết (Product Detail),https://thegioidaquy.net/phong-thuy/vong-tay-thach-anh-den-12-ly-347.html,thegioidaquy.net
554,vong tay thach anh hong 1688,Sản Phẩm Chi Tiết (Product Detail),https://thegioidaquy.net/phong-thuy/vong-tay-thach-anh-hong-1688.html,thegioidaquy.net
555,vong tay thach anh hong 1815,Sản Phẩm Chi Tiết (Product Detail),https://thegioidaquy.net/phong-thuy/vong-tay-thach-anh-hong-1815.html,thegioidaquy.net
556,vong tay thach anh khoi 1781,Sản Phẩm Chi Tiết (Product Detail),https://thegioidaquy.net/phong-thuy/vong-tay-thach-anh-khoi-1781.html,thegioidaquy.net
557,vong tay thach anh tim 1544,Sản Phẩm Chi Tiết (Product Detail),https://thegioidaquy.net/phong-thuy/vong-tay-thach-anh-tim-1544.html,thegioidaquy.net
558,vong tay thach anh tim 1780,Sản Phẩm Chi Tiết (Product Detail),https://thegioidaquy.net/phong-thuy/vong-tay-thach-anh-tim-1780.html,thegioidaquy.net
559,vong tay thach anh tim 18 ly 1508,Sản Phẩm Chi Tiết (Product Detail),https://thegioidaquy.net/phong-thuy/vong-tay-thach-anh-tim-18-ly-1508.html,thegioidaquy.net
560,vong tay thach anh tim 6 ly 1232,Sản Phẩm Chi Tiết (Product Detail),https://thegioidaquy.net/phong-thuy/vong-tay-thach-anh-tim-6-ly-1232.html,thegioidaquy.net
561,vong tay thach anh tim ngoi sao 1488,Sản Phẩm Chi Tiết (Product Detail),https://thegioidaquy.net/phong-thuy/vong-tay-thach-anh-tim-ngoi-sao-1488.html,thegioidaquy.net
562,vong tay thach anh toc xanh 11 ly 1793,Sản Phẩm Chi Tiết (Product Detail),https://thegioidaquy.net/phong-thuy/vong-tay-thach-anh-toc-xanh-11-ly-1793.html,thegioidaquy.net
563,vong tay thach anh toc xanh 11 ly 1794,Sản Phẩm Chi Tiết (Product Detail),https://thegioidaquy.net/phong-thuy/vong-tay-thach-anh-toc-xanh-11-ly-1794.html,thegioidaquy.net
564,vong tay thach anh toc xanh 11 ly 1795,Sản Phẩm Chi Tiết (Product Detail),https://thegioidaquy.net/phong-thuy/vong-tay-thach-anh-toc-xanh-11-ly-1795.html,thegioidaquy.net
565,vong tay thach anh toc xanh 121 ly 1816,Sản Phẩm Chi Tiết (Product Detail),https://thegioidaquy.net/phong-thuy/vong-tay-thach-anh-toc-xanh-121-ly-1816.html,thegioidaquy.net
566,Vòng tay thạch anh tóc xanh đậm 8 ly,Sản Phẩm Chi Tiết (Product Detail),https://thegioidaquy.net/phong-thuy/vong-tay-thach-anh-toc-xanh-dam-8-ly-3043.html,thegioidaquy.net
567,vong tay tien co 1553,Sản Phẩm Chi Tiết (Product Detail),https://thegioidaquy.net/phong-thuy/vong-tay-tien-co-1553.html,thegioidaquy.net
568,vong tay ty huu cam thach 1785,Sản Phẩm Chi Tiết (Product Detail),https://thegioidaquy.net/phong-thuy/vong-tay-ty-huu-cam-thach-1785.html,thegioidaquy.net
569,Vòng tay tỳ hưu đá mắt hổ 10 ly,Sản Phẩm Chi Tiết (Product Detail),https://thegioidaquy.net/phong-thuy/vong-tay-ty-huu-da-mat-ho-10-ly-1840.html,thegioidaquy.net
570,vong tay ty huu da ngoc 10 ly 1751,Sản Phẩm Chi Tiết (Product Detail),https://thegioidaquy.net/phong-thuy/vong-tay-ty-huu-da-ngoc-10-ly-1751.html,thegioidaquy.net
571,vong tay ty huu da ngoc 8 ly 1415,Sản Phẩm Chi Tiết (Product Detail),https://thegioidaquy.net/phong-thuy/vong-tay-ty-huu-da-ngoc-8-ly-1415.html,thegioidaquy.net
572,vong tay ty huu da ngoc 8 ly 1750,Sản Phẩm Chi Tiết (Product Detail),https://thegioidaquy.net/phong-thuy/vong-tay-ty-huu-da-ngoc-8-ly-1750.html,thegioidaquy.net
573,vong tay ty huu thach anh hong 1779,Sản Phẩm Chi Tiết (Product Detail),https://thegioidaquy.net/phong-thuy/vong-tay-ty-huu-thach-anh-hong-1779.html,thegioidaquy.net
574,THEGIOIDAQUY.NET,Trang Tĩnh (Static Page),https://thegioidaquy.net/phongthuy.html,thegioidaquy.net
575,Tin tức,Bài Viết / Tin Tức (Blog / News),https://thegioidaquy.net/tin-tuc,thegioidaquy.net
576,Chính Sách và Quy Định Chung,Bài Viết / Tin Tức (Blog / News),https://thegioidaquy.net/tin-tuc/Chinh-Sach-va-Quy-Dinh-Chung-1994.html,thegioidaquy.net
577,Hình thức thanh toán,Bài Viết / Tin Tức (Blog / News),https://thegioidaquy.net/tin-tuc/Hinh-thuc-thanh-toan-1995.html,thegioidaquy.net
578,Hổ phách là gì? Lịch sử khai thác và..,Bài Viết / Tin Tức (Blog / News),https://thegioidaquy.net/tin-tuc/Ho-phach-la-gi-Lich-su-khai-thac-va-su-dung-Ho-phach-2013.html,thegioidaquy.net
579,Điều khoản mua bán,Bài Viết / Tin Tức (Blog / News),https://thegioidaquy.net/tin-tuc/Mua-hang-va-chinh-sach-bao-hanh-da-1906.html,thegioidaquy.net
580,Tác dụng của 3 loại đá phong thủy..,Bài Viết / Tin Tức (Blog / News),https://thegioidaquy.net/tin-tuc/Tac-dung-cua-3-loai-da-phong-thuy-pho-bien-hien-nay-2014.html,thegioidaquy.net
581,bao quan cam thach 200,Bài Viết / Tin Tức (Blog / News),https://thegioidaquy.net/tin-tuc/bao-quan-cam-thach-200.html,thegioidaquy.net
582,ca chep trong phong thuy 179,Bài Viết / Tin Tức (Blog / News),https://thegioidaquy.net/tin-tuc/ca-chep-trong-phong-thuy-179.html,thegioidaquy.net
583,Cách đặt Tượng Di Lặc hợp phong thủy,Bài Viết / Tin Tức (Blog / News),https://thegioidaquy.net/tin-tuc/cach-dat-tuong-di-lac-hop-phong-thuy-1992.html,thegioidaquy.net
584,Cách vận chuyển và giao nhận của..,Bài Viết / Tin Tức (Blog / News),https://thegioidaquy.net/tin-tuc/cach-van-chuyen-va-giao-nhan-cua-thegioidaquy.net-1908.html,thegioidaquy.net
585,Chính sách bảo mật thông tin của..,Bài Viết / Tin Tức (Blog / News),https://thegioidaquy.net/tin-tuc/chinh-sach-bao-mat-thong-tin-cua-thegioidaquy.net-1910.html,thegioidaquy.net
586,cong dung da long cong 202,Bài Viết / Tin Tức (Blog / News),https://thegioidaquy.net/tin-tuc/cong-dung-da-long-cong-202.html,thegioidaquy.net
587,cong dung da sugilite 203,Bài Viết / Tin Tức (Blog / News),https://thegioidaquy.net/tin-tuc/cong-dung-da-sugilite-203.html,thegioidaquy.net
588,Cúng giao thừa năm mới 2018,Bài Viết / Tin Tức (Blog / News),https://thegioidaquy.net/tin-tuc/cung-giao-thua-nam-moi-2018-2019.html,thegioidaquy.net
589,Đeo nhẫn ngón giữa để giữ tiền,Bài Viết / Tin Tức (Blog / News),https://thegioidaquy.net/tin-tuc/deo-nhan-ngon-giua-de-giu-tien-2024.html,thegioidaquy.net
590,mua ban cam thach o viet nam 199,Bài Viết / Tin Tức (Blog / News),https://thegioidaquy.net/tin-tuc/mua-ban-cam-thach-o-viet-nam-199.html,thegioidaquy.net
591,ngua trong phong thuy 178,Bài Viết / Tin Tức (Blog / News),https://thegioidaquy.net/tin-tuc/ngua-trong-phong-thuy-178.html,thegioidaquy.net
592,tet nguyen dan 189,Bài Viết / Tin Tức (Blog / News),https://thegioidaquy.net/tin-tuc/tet-nguyen-dan-189.html,thegioidaquy.net
593,Truyền thuyết Phụng Hoàng,Bài Viết / Tin Tức (Blog / News),https://thegioidaquy.net/tin-tuc/truyen-thuyet-phung-hoang-1993.html,thegioidaquy.net
594,Xem ngày khai trương đầu năm 2018,Bài Viết / Tin Tức (Blog / News),https://thegioidaquy.net/tin-tuc/xem-ngay-khai-truong-dau-nam-moi-2018-2022.html,thegioidaquy.net
595,Tuổi xông nhà đầu năm 2018 - phần một,Bài Viết / Tin Tức (Blog / News),https://thegioidaquy.net/tin-tuc/xong-nha-dau-nam-moi-2018-phan-mot-2020.html,thegioidaquy.net
596,y nghia thap van xuong 186,Bài Viết / Tin Tức (Blog / News),https://thegioidaquy.net/tin-tuc/y-nghia-thap-van-xuong-186.html,thegioidaquy.net
597,user,Liên Kết Khác (Other),https://thegioidaquy.net/user,thegioidaquy.net
598,Đăng ký,Hệ Thống / Tài Khoản (System / User),https://thegioidaquy.net/user/register,thegioidaquy.net
599,Status.aspx,Liên Kết Khác (Other),https://www.dmca.com/Protection/Status.aspx?ID=123a20a8-39de-445e-85d8-8477d3fa40d2,www.dmca.com
600,Facebook Hoa Mộc Lan,Liên Kết Khác (Other),https://www.facebook.com/PhongThuyHoaMocLan?fref=ts,www.facebook.com
